data;tipoCombustivel;precoMedio
"2017-05-01";"Gasóleo simples";"1,2420 €"
"2017-05-02";"Gasóleo simples";"1,2354 €"
"2017-05-03";"Gasóleo simples";"1,2310 €"
"2017-05-04";"Gasóleo simples";"1,2299 €"
"2017-05-05";"Gasóleo simples";"1,2293 €"
"2017-05-06";"Gasóleo simples";"1,2247 €"
"2017-05-07";"Gasóleo simples";"1,2247 €"
"2017-05-08";"Gasóleo simples";"1,2161 €"
"2017-05-09";"Gasóleo simples";"1,2080 €"
"2017-05-10";"Gasóleo simples";"1,2067 €"
"2017-05-11";"Gasóleo simples";"1,2066 €"
"2017-05-12";"Gasóleo simples";"1,2057 €"
"2017-05-13";"Gasóleo simples";"1,2011 €"
"2017-05-14";"Gasóleo simples";"1,2012 €"
"2017-05-15";"Gasóleo simples";"1,2067 €"
"2017-05-16";"Gasóleo simples";"1,2084 €"
"2017-05-17";"Gasóleo simples";"1,2081 €"
"2017-05-18";"Gasóleo simples";"1,2083 €"
"2017-05-19";"Gasóleo simples";"1,2078 €"
"2017-05-20";"Gasóleo simples";"1,2034 €"
"2017-05-21";"Gasóleo simples";"1,2036 €"
"2017-05-22";"Gasóleo simples";"1,2149 €"
"2017-05-23";"Gasóleo simples";"1,2200 €"
"2017-05-24";"Gasóleo simples";"1,2200 €"
"2017-05-25";"Gasóleo simples";"1,2202 €"
"2017-05-26";"Gasóleo simples";"1,2201 €"
"2017-05-27";"Gasóleo simples";"1,2158 €"
"2017-05-28";"Gasóleo simples";"1,2160 €"
"2017-05-29";"Gasóleo simples";"1,2248 €"
"2017-05-30";"Gasóleo simples";"1,2261 €"
"2017-05-31";"Gasóleo simples";"1,2261 €"
"2017-06-01";"Gasóleo simples";"1,2260 €"
"2017-06-02";"Gasóleo simples";"1,2247 €"
"2017-06-03";"Gasóleo simples";"1,2201 €"
"2017-06-04";"Gasóleo simples";"1,2201 €"
"2017-06-05";"Gasóleo simples";"1,2174 €"
"2017-06-06";"Gasóleo simples";"1,2046 €"
"2017-06-07";"Gasóleo simples";"1,2026 €"
"2017-06-08";"Gasóleo simples";"1,2018 €"
"2017-06-09";"Gasóleo simples";"1,2012 €"
"2017-06-10";"Gasóleo simples";"1,1968 €"
"2017-06-11";"Gasóleo simples";"1,1968 €"
"2017-06-12";"Gasóleo simples";"1,1895 €"
"2017-06-13";"Gasóleo simples";"1,1889 €"
"2017-06-14";"Gasóleo simples";"1,1878 €"
"2017-06-15";"Gasóleo simples";"1,1872 €"
"2017-06-16";"Gasóleo simples";"1,1858 €"
"2017-06-17";"Gasóleo simples";"1,1813 €"
"2017-06-18";"Gasóleo simples";"1,1813 €"
"2017-06-19";"Gasóleo simples";"1,1859 €"
"2017-06-20";"Gasóleo simples";"1,1848 €"
"2017-06-21";"Gasóleo simples";"1,1845 €"
"2017-06-22";"Gasóleo simples";"1,1844 €"
"2017-06-23";"Gasóleo simples";"1,1838 €"
"2017-06-24";"Gasóleo simples";"1,1795 €"
"2017-06-25";"Gasóleo simples";"1,1796 €"
"2017-06-26";"Gasóleo simples";"1,1824 €"
"2017-06-27";"Gasóleo simples";"1,1798 €"
"2017-06-28";"Gasóleo simples";"1,1792 €"
"2017-06-29";"Gasóleo simples";"1,1792 €"
"2017-06-30";"Gasóleo simples";"1,1780 €"
"2017-07-01";"Gasóleo simples";"1,1735 €"
"2017-07-02";"Gasóleo simples";"1,1737 €"
"2017-07-03";"Gasóleo simples";"1,1804 €"
"2017-07-04";"Gasóleo simples";"1,1837 €"
"2017-07-05";"Gasóleo simples";"1,1835 €"
"2017-07-06";"Gasóleo simples";"1,1837 €"
"2017-07-07";"Gasóleo simples";"1,1832 €"
"2017-07-08";"Gasóleo simples";"1,1786 €"
"2017-07-09";"Gasóleo simples";"1,1791 €"
"2017-07-10";"Gasóleo simples";"1,1958 €"
"2017-07-11";"Gasóleo simples";"1,1980 €"
"2017-07-12";"Gasóleo simples";"1,1980 €"
"2017-07-13";"Gasóleo simples";"1,1981 €"
"2017-07-14";"Gasóleo simples";"1,1976 €"
"2017-07-15";"Gasóleo simples";"1,1932 €"
"2017-07-16";"Gasóleo simples";"1,1934 €"
"2017-07-17";"Gasóleo simples";"1,1967 €"
"2017-07-18";"Gasóleo simples";"1,1934 €"
"2017-07-19";"Gasóleo simples";"1,1931 €"
"2017-07-20";"Gasóleo simples";"1,1932 €"
"2017-07-21";"Gasóleo simples";"1,1925 €"
"2017-07-22";"Gasóleo simples";"1,1880 €"
"2017-07-23";"Gasóleo simples";"1,1885 €"
"2017-07-24";"Gasóleo simples";"1,1975 €"
"2017-07-25";"Gasóleo simples";"1,1986 €"
"2017-07-26";"Gasóleo simples";"1,1985 €"
"2017-07-27";"Gasóleo simples";"1,1986 €"
"2017-07-28";"Gasóleo simples";"1,1983 €"
"2017-07-29";"Gasóleo simples";"1,1944 €"
"2017-07-30";"Gasóleo simples";"1,1947 €"
"2017-07-31";"Gasóleo simples";"1,2010 €"
"2017-08-01";"Gasóleo simples";"1,2060 €"
"2017-08-02";"Gasóleo simples";"1,2061 €"
"2017-08-03";"Gasóleo simples";"1,2064 €"
"2017-08-04";"Gasóleo simples";"1,2060 €"
"2017-08-05";"Gasóleo simples";"1,2005 €"
"2017-08-06";"Gasóleo simples";"1,2007 €"
"2017-08-07";"Gasóleo simples";"1,2116 €"
"2017-08-08";"Gasóleo simples";"1,2162 €"
"2017-08-09";"Gasóleo simples";"1,2158 €"
"2017-08-10";"Gasóleo simples";"1,2160 €"
"2017-08-11";"Gasóleo simples";"1,2159 €"
"2017-08-12";"Gasóleo simples";"1,2115 €"
"2017-08-13";"Gasóleo simples";"1,2117 €"
"2017-08-14";"Gasóleo simples";"1,2156 €"
"2017-08-15";"Gasóleo simples";"1,2143 €"
"2017-08-16";"Gasóleo simples";"1,2140 €"
"2017-08-17";"Gasóleo simples";"1,2140 €"
"2017-08-18";"Gasóleo simples";"1,2137 €"
"2017-08-19";"Gasóleo simples";"1,2119 €"
"2017-08-20";"Gasóleo simples";"1,2123 €"
"2017-08-21";"Gasóleo simples";"1,2115 €"
"2017-08-22";"Gasóleo simples";"1,2098 €"
"2017-08-23";"Gasóleo simples";"1,2096 €"
"2017-08-24";"Gasóleo simples";"1,2094 €"
"2017-08-25";"Gasóleo simples";"1,2072 €"
"2017-08-26";"Gasóleo simples";"1,2054 €"
"2017-08-27";"Gasóleo simples";"1,2057 €"
"2017-08-28";"Gasóleo simples";"1,2086 €"
"2017-08-29";"Gasóleo simples";"1,2076 €"
"2017-08-30";"Gasóleo simples";"1,2073 €"
"2017-08-31";"Gasóleo simples";"1,2074 €"
"2017-09-01";"Gasóleo simples";"1,2070 €"
"2017-09-02";"Gasóleo simples";"1,2037 €"
"2017-09-03";"Gasóleo simples";"1,2041 €"
"2017-09-04";"Gasóleo simples";"1,2160 €"
"2017-09-05";"Gasóleo simples";"1,2200 €"
"2017-09-06";"Gasóleo simples";"1,2191 €"
"2017-09-07";"Gasóleo simples";"1,2190 €"
"2017-09-08";"Gasóleo simples";"1,2139 €"
"2017-09-09";"Gasóleo simples";"1,2146 €"
"2017-09-10";"Gasóleo simples";"1,2150 €"
"2017-09-11";"Gasóleo simples";"1,2306 €"
"2017-09-12";"Gasóleo simples";"1,2345 €"
"2017-09-13";"Gasóleo simples";"1,2340 €"
"2017-09-14";"Gasóleo simples";"1,2342 €"
"2017-09-15";"Gasóleo simples";"1,2339 €"
"2017-09-16";"Gasóleo simples";"1,2290 €"
"2017-09-17";"Gasóleo simples";"1,2291 €"
"2017-09-18";"Gasóleo simples";"1,2343 €"
"2017-09-19";"Gasóleo simples";"1,2351 €"
"2017-09-20";"Gasóleo simples";"1,2351 €"
"2017-09-21";"Gasóleo simples";"1,2354 €"
"2017-09-22";"Gasóleo simples";"1,2349 €"
"2017-09-23";"Gasóleo simples";"1,2305 €"
"2017-09-24";"Gasóleo simples";"1,2311 €"
"2017-09-25";"Gasóleo simples";"1,2383 €"
"2017-09-26";"Gasóleo simples";"1,2401 €"
"2017-09-27";"Gasóleo simples";"1,2400 €"
"2017-09-28";"Gasóleo simples";"1,2402 €"
"2017-09-29";"Gasóleo simples";"1,2398 €"
"2017-09-30";"Gasóleo simples";"1,2357 €"
"2017-10-01";"Gasóleo simples";"1,2361 €"
"2017-10-02";"Gasóleo simples";"1,2553 €"
"2017-10-03";"Gasóleo simples";"1,2571 €"
"2017-10-04";"Gasóleo simples";"1,2570 €"
"2017-10-05";"Gasóleo simples";"1,2571 €"
"2017-10-06";"Gasóleo simples";"1,2568 €"
"2017-10-07";"Gasóleo simples";"1,2525 €"
"2017-10-08";"Gasóleo simples";"1,2527 €"
"2017-10-09";"Gasóleo simples";"1,2496 €"
"2017-10-10";"Gasóleo simples";"1,2486 €"
"2017-10-11";"Gasóleo simples";"1,2491 €"
"2017-10-12";"Gasóleo simples";"1,2491 €"
"2017-10-13";"Gasóleo simples";"1,2486 €"
"2017-10-14";"Gasóleo simples";"1,2442 €"
"2017-10-15";"Gasóleo simples";"1,2442 €"
"2017-10-16";"Gasóleo simples";"1,2476 €"
"2017-10-17";"Gasóleo simples";"1,2470 €"
"2017-10-18";"Gasóleo simples";"1,2454 €"
"2017-10-19";"Gasóleo simples";"1,2453 €"
"2017-10-20";"Gasóleo simples";"1,2449 €"
"2017-10-21";"Gasóleo simples";"1,2406 €"
"2017-10-22";"Gasóleo simples";"1,2408 €"
"2017-10-23";"Gasóleo simples";"1,2508 €"
"2017-10-24";"Gasóleo simples";"1,2534 €"
"2017-10-25";"Gasóleo simples";"1,2546 €"
"2017-10-26";"Gasóleo simples";"1,2547 €"
"2017-10-27";"Gasóleo simples";"1,2542 €"
"2017-10-28";"Gasóleo simples";"1,2498 €"
"2017-10-29";"Gasóleo simples";"1,2499 €"
"2017-10-30";"Gasóleo simples";"1,2547 €"
"2017-10-31";"Gasóleo simples";"1,2551 €"
"2017-11-01";"Gasóleo simples";"1,2549 €"
"2017-11-02";"Gasóleo simples";"1,2552 €"
"2017-11-03";"Gasóleo simples";"1,2547 €"
"2017-11-04";"Gasóleo simples";"1,2504 €"
"2017-11-05";"Gasóleo simples";"1,2508 €"
"2017-11-06";"Gasóleo simples";"1,2659 €"
"2017-11-07";"Gasóleo simples";"1,2692 €"
"2017-11-08";"Gasóleo simples";"1,2696 €"
"2017-11-09";"Gasóleo simples";"1,2699 €"
"2017-11-10";"Gasóleo simples";"1,2695 €"
"2017-11-11";"Gasóleo simples";"1,2651 €"
"2017-11-12";"Gasóleo simples";"1,2657 €"
"2017-11-13";"Gasóleo simples";"1,2826 €"
"2017-11-14";"Gasóleo simples";"1,2849 €"
"2017-11-15";"Gasóleo simples";"1,2848 €"
"2017-11-16";"Gasóleo simples";"1,2848 €"
"2017-11-17";"Gasóleo simples";"1,2843 €"
"2017-11-18";"Gasóleo simples";"1,2798 €"
"2017-11-19";"Gasóleo simples";"1,2799 €"
"2017-11-20";"Gasóleo simples";"1,2786 €"
"2017-11-21";"Gasóleo simples";"1,2769 €"
"2017-11-22";"Gasóleo simples";"1,2767 €"
"2017-11-23";"Gasóleo simples";"1,2767 €"
"2017-11-24";"Gasóleo simples";"1,2763 €"
"2017-11-25";"Gasóleo simples";"1,2718 €"
"2017-11-26";"Gasóleo simples";"1,2720 €"
"2017-11-27";"Gasóleo simples";"1,2795 €"
"2017-11-28";"Gasóleo simples";"1,2810 €"
"2017-11-29";"Gasóleo simples";"1,2810 €"
"2017-11-30";"Gasóleo simples";"1,2810 €"
"2017-12-01";"Gasóleo simples";"1,2798 €"
"2017-12-02";"Gasóleo simples";"1,2755 €"
"2017-12-03";"Gasóleo simples";"1,2757 €"
"2017-12-04";"Gasóleo simples";"1,2805 €"
"2017-12-05";"Gasóleo simples";"1,2805 €"
"2017-12-06";"Gasóleo simples";"1,2803 €"
"2017-12-07";"Gasóleo simples";"1,2804 €"
"2017-12-08";"Gasóleo simples";"1,2798 €"
"2017-12-09";"Gasóleo simples";"1,2757 €"
"2017-12-10";"Gasóleo simples";"1,2760 €"
"2017-12-11";"Gasóleo simples";"1,2776 €"
"2017-12-12";"Gasóleo simples";"1,2756 €"
"2017-12-13";"Gasóleo simples";"1,2758 €"
"2017-12-14";"Gasóleo simples";"1,2757 €"
"2017-12-15";"Gasóleo simples";"1,2753 €"
"2017-12-16";"Gasóleo simples";"1,2708 €"
"2017-12-17";"Gasóleo simples";"1,2709 €"
"2017-12-18";"Gasóleo simples";"1,2809 €"
"2017-12-19";"Gasóleo simples";"1,2843 €"
"2017-12-20";"Gasóleo simples";"1,2844 €"
"2017-12-21";"Gasóleo simples";"1,2846 €"
"2017-12-22";"Gasóleo simples";"1,2841 €"
"2017-12-23";"Gasóleo simples";"1,2793 €"
"2017-12-24";"Gasóleo simples";"1,2796 €"
"2017-12-25";"Gasóleo simples";"1,2852 €"
"2017-12-26";"Gasóleo simples";"1,2877 €"
"2017-12-27";"Gasóleo simples";"1,2878 €"
"2017-12-28";"Gasóleo simples";"1,2896 €"
"2017-12-29";"Gasóleo simples";"1,2892 €"
"2017-12-30";"Gasóleo simples";"1,2850 €"
"2017-12-31";"Gasóleo simples";"1,2852 €"
"2018-01-01";"Gasóleo simples";"1,3207 €"
"2018-01-02";"Gasóleo simples";"1,3261 €"
"2018-01-03";"Gasóleo simples";"1,3322 €"
"2018-01-04";"Gasóleo simples";"1,3333 €"
"2018-01-05";"Gasóleo simples";"1,3330 €"
"2018-01-06";"Gasóleo simples";"1,3285 €"
"2018-01-07";"Gasóleo simples";"1,3287 €"
"2018-01-08";"Gasóleo simples";"1,3350 €"
"2018-01-09";"Gasóleo simples";"1,3356 €"
"2018-01-10";"Gasóleo simples";"1,3355 €"
"2018-01-11";"Gasóleo simples";"1,3356 €"
"2018-01-12";"Gasóleo simples";"1,3354 €"
"2018-01-13";"Gasóleo simples";"1,3305 €"
"2018-01-14";"Gasóleo simples";"1,3308 €"
"2018-01-15";"Gasóleo simples";"1,3417 €"
"2018-01-16";"Gasóleo simples";"1,3434 €"
"2018-01-17";"Gasóleo simples";"1,3432 €"
"2018-01-18";"Gasóleo simples";"1,3426 €"
"2018-01-19";"Gasóleo simples";"1,3365 €"
"2018-01-20";"Gasóleo simples";"1,3324 €"
"2018-01-21";"Gasóleo simples";"1,3344 €"
"2018-01-22";"Gasóleo simples";"1,3224 €"
"2018-01-23";"Gasóleo simples";"1,3187 €"
"2018-01-24";"Gasóleo simples";"1,3185 €"
"2018-01-25";"Gasóleo simples";"1,3186 €"
"2018-01-26";"Gasóleo simples";"1,3156 €"
"2018-01-27";"Gasóleo simples";"1,3117 €"
"2018-01-28";"Gasóleo simples";"1,3123 €"
"2018-01-29";"Gasóleo simples";"1,3197 €"
"2018-01-30";"Gasóleo simples";"1,3209 €"
"2018-01-31";"Gasóleo simples";"1,3131 €"
"2018-02-01";"Gasóleo simples";"1,3150 €"
"2018-02-02";"Gasóleo simples";"1,3126 €"
"2018-02-03";"Gasóleo simples";"1,3088 €"
"2018-02-04";"Gasóleo simples";"1,3090 €"
"2018-02-05";"Gasóleo simples";"1,3114 €"
"2018-02-06";"Gasóleo simples";"1,3096 €"
"2018-02-07";"Gasóleo simples";"1,3086 €"
"2018-02-08";"Gasóleo simples";"1,3085 €"
"2018-02-09";"Gasóleo simples";"1,3079 €"
"2018-02-10";"Gasóleo simples";"1,3028 €"
"2018-02-11";"Gasóleo simples";"1,3029 €"
"2018-02-12";"Gasóleo simples";"1,2967 €"
"2018-02-13";"Gasóleo simples";"1,2938 €"
"2018-02-14";"Gasóleo simples";"1,2920 €"
"2018-02-15";"Gasóleo simples";"1,2908 €"
"2018-02-16";"Gasóleo simples";"1,2901 €"
"2018-02-17";"Gasóleo simples";"1,2859 €"
"2018-02-18";"Gasóleo simples";"1,2856 €"
"2018-02-19";"Gasóleo simples";"1,2773 €"
"2018-02-20";"Gasóleo simples";"1,2519 €"
"2018-02-21";"Gasóleo simples";"1,2498 €"
"2018-02-22";"Gasóleo simples";"1,2493 €"
"2018-02-23";"Gasóleo simples";"1,2485 €"
"2018-02-24";"Gasóleo simples";"1,2433 €"
"2018-02-25";"Gasóleo simples";"1,2438 €"
"2018-02-26";"Gasóleo simples";"1,2629 €"
"2018-02-27";"Gasóleo simples";"1,2669 €"
"2018-02-28";"Gasóleo simples";"1,2669 €"
"2018-03-01";"Gasóleo simples";"1,2663 €"
"2018-03-02";"Gasóleo simples";"1,2634 €"
"2018-03-03";"Gasóleo simples";"1,2587 €"
"2018-03-04";"Gasóleo simples";"1,2590 €"
"2018-03-05";"Gasóleo simples";"1,2634 €"
"2018-03-06";"Gasóleo simples";"1,2650 €"
"2018-03-07";"Gasóleo simples";"1,2648 €"
"2018-03-08";"Gasóleo simples";"1,2652 €"
"2018-03-09";"Gasóleo simples";"1,2645 €"
"2018-03-10";"Gasóleo simples";"1,2601 €"
"2018-03-11";"Gasóleo simples";"1,2605 €"
"2018-03-12";"Gasóleo simples";"1,2623 €"
"2018-03-13";"Gasóleo simples";"1,2578 €"
"2018-03-14";"Gasóleo simples";"1,2561 €"
"2018-03-15";"Gasóleo simples";"1,2560 €"
"2018-03-16";"Gasóleo simples";"1,2553 €"
"2018-03-17";"Gasóleo simples";"1,2502 €"
"2018-03-18";"Gasóleo simples";"1,2502 €"
"2018-03-19";"Gasóleo simples";"1,2548 €"
"2018-03-20";"Gasóleo simples";"1,2556 €"
"2018-03-21";"Gasóleo simples";"1,2553 €"
"2018-03-22";"Gasóleo simples";"1,2555 €"
"2018-03-23";"Gasóleo simples";"1,2548 €"
"2018-03-24";"Gasóleo simples";"1,2508 €"
"2018-03-25";"Gasóleo simples";"1,2515 €"
"2018-03-26";"Gasóleo simples";"1,2747 €"
"2018-03-27";"Gasóleo simples";"1,2771 €"
"2018-03-28";"Gasóleo simples";"1,2771 €"
"2018-03-29";"Gasóleo simples";"1,2773 €"
"2018-03-30";"Gasóleo simples";"1,2762 €"
"2018-03-31";"Gasóleo simples";"1,2722 €"
"2018-04-01";"Gasóleo simples";"1,2731 €"
"2018-04-02";"Gasóleo simples";"1,2840 €"
"2018-04-03";"Gasóleo simples";"1,2873 €"
"2018-04-04";"Gasóleo simples";"1,2886 €"
"2018-04-05";"Gasóleo simples";"1,2889 €"
"2018-04-06";"Gasóleo simples";"1,2881 €"
"2018-04-07";"Gasóleo simples";"1,2842 €"
"2018-04-08";"Gasóleo simples";"1,2845 €"
"2018-04-09";"Gasóleo simples";"1,2892 €"
"2018-04-10";"Gasóleo simples";"1,2897 €"
"2018-04-11";"Gasóleo simples";"1,2895 €"
"2018-04-12";"Gasóleo simples";"1,2896 €"
"2018-04-13";"Gasóleo simples";"1,2868 €"
"2018-04-14";"Gasóleo simples";"1,2828 €"
"2018-04-15";"Gasóleo simples";"1,2830 €"
"2018-04-16";"Gasóleo simples";"1,3021 €"
"2018-04-17";"Gasóleo simples";"1,3043 €"
"2018-04-18";"Gasóleo simples";"1,3038 €"
"2018-04-19";"Gasóleo simples";"1,3041 €"
"2018-04-20";"Gasóleo simples";"1,3027 €"
"2018-04-21";"Gasóleo simples";"1,2987 €"
"2018-04-22";"Gasóleo simples";"1,2992 €"
"2018-04-23";"Gasóleo simples";"1,3080 €"
"2018-04-24";"Gasóleo simples";"1,3098 €"
"2018-04-25";"Gasóleo simples";"1,3097 €"
"2018-04-26";"Gasóleo simples";"1,3098 €"
"2018-04-27";"Gasóleo simples";"1,3092 €"
"2018-04-28";"Gasóleo simples";"1,3057 €"
"2018-04-29";"Gasóleo simples";"1,3061 €"
"2018-04-30";"Gasóleo simples";"1,3245 €"
"2018-05-01";"Gasóleo simples";"1,3266 €"
"2018-05-02";"Gasóleo simples";"1,3288 €"
"2018-05-03";"Gasóleo simples";"1,3291 €"
"2018-05-04";"Gasóleo simples";"1,3287 €"
"2018-05-05";"Gasóleo simples";"1,3244 €"
"2018-05-06";"Gasóleo simples";"1,3247 €"
"2018-05-07";"Gasóleo simples";"1,3300 €"
"2018-05-08";"Gasóleo simples";"1,3308 €"
"2018-05-09";"Gasóleo simples";"1,3305 €"
"2018-05-10";"Gasóleo simples";"1,3306 €"
"2018-05-11";"Gasóleo simples";"1,3301 €"
"2018-05-12";"Gasóleo simples";"1,3262 €"
"2018-05-13";"Gasóleo simples";"1,3267 €"
"2018-05-14";"Gasóleo simples";"1,3476 €"
"2018-05-15";"Gasóleo simples";"1,3526 €"
"2018-05-16";"Gasóleo simples";"1,3528 €"
"2018-05-17";"Gasóleo simples";"1,3531 €"
"2018-05-18";"Gasóleo simples";"1,3527 €"
"2018-05-19";"Gasóleo simples";"1,3484 €"
"2018-05-20";"Gasóleo simples";"1,3488 €"
"2018-05-21";"Gasóleo simples";"1,3606 €"
"2018-05-22";"Gasóleo simples";"1,3730 €"
"2018-05-23";"Gasóleo simples";"1,3734 €"
"2018-05-24";"Gasóleo simples";"1,3734 €"
"2018-05-25";"Gasóleo simples";"1,3730 €"
"2018-05-26";"Gasóleo simples";"1,3689 €"
"2018-05-27";"Gasóleo simples";"1,3694 €"
"2018-05-28";"Gasóleo simples";"1,3829 €"
"2018-05-29";"Gasóleo simples";"1,3846 €"
"2018-05-30";"Gasóleo simples";"1,3847 €"
"2018-05-31";"Gasóleo simples";"1,3848 €"
"2018-06-01";"Gasóleo simples";"1,3842 €"
"2018-06-02";"Gasóleo simples";"1,3803 €"
"2018-06-03";"Gasóleo simples";"1,3806 €"
"2018-06-04";"Gasóleo simples";"1,3824 €"
"2018-06-05";"Gasóleo simples";"1,3781 €"
"2018-06-06";"Gasóleo simples";"1,3777 €"
"2018-06-07";"Gasóleo simples";"1,3777 €"
"2018-06-08";"Gasóleo simples";"1,3770 €"
"2018-06-09";"Gasóleo simples";"1,3725 €"
"2018-06-10";"Gasóleo simples";"1,3728 €"
"2018-06-11";"Gasóleo simples";"1,3640 €"
"2018-06-12";"Gasóleo simples";"1,3608 €"
"2018-06-13";"Gasóleo simples";"1,3590 €"
"2018-06-14";"Gasóleo simples";"1,3589 €"
"2018-06-15";"Gasóleo simples";"1,3585 €"
"2018-06-16";"Gasóleo simples";"1,3570 €"
"2018-06-17";"Gasóleo simples";"1,3574 €"
"2018-06-18";"Gasóleo simples";"1,3609 €"
"2018-06-19";"Gasóleo simples";"1,3614 €"
"2018-06-20";"Gasóleo simples";"1,3612 €"
"2018-06-21";"Gasóleo simples";"1,3611 €"
"2018-06-22";"Gasóleo simples";"1,3603 €"
"2018-06-23";"Gasóleo simples";"1,3562 €"
"2018-06-24";"Gasóleo simples";"1,3564 €"
"2018-06-25";"Gasóleo simples";"1,3591 €"
"2018-06-26";"Gasóleo simples";"1,3551 €"
"2018-06-27";"Gasóleo simples";"1,3543 €"
"2018-06-28";"Gasóleo simples";"1,3542 €"
"2018-06-29";"Gasóleo simples";"1,3538 €"
"2018-06-30";"Gasóleo simples";"1,3495 €"
"2018-07-01";"Gasóleo simples";"1,3499 €"
"2018-07-02";"Gasóleo simples";"1,3582 €"
"2018-07-03";"Gasóleo simples";"1,3601 €"
"2018-07-04";"Gasóleo simples";"1,3597 €"
"2018-07-05";"Gasóleo simples";"1,3598 €"
"2018-07-06";"Gasóleo simples";"1,3591 €"
"2018-07-07";"Gasóleo simples";"1,3554 €"
"2018-07-08";"Gasóleo simples";"1,3559 €"
"2018-07-09";"Gasóleo simples";"1,3612 €"
"2018-07-10";"Gasóleo simples";"1,3626 €"
"2018-07-11";"Gasóleo simples";"1,3624 €"
"2018-07-12";"Gasóleo simples";"1,3625 €"
"2018-07-13";"Gasóleo simples";"1,3620 €"
"2018-07-14";"Gasóleo simples";"1,3581 €"
"2018-07-15";"Gasóleo simples";"1,3582 €"
"2018-07-16";"Gasóleo simples";"1,3615 €"
"2018-07-17";"Gasóleo simples";"1,3595 €"
"2018-07-18";"Gasóleo simples";"1,3592 €"
"2018-07-19";"Gasóleo simples";"1,3593 €"
"2018-07-20";"Gasóleo simples";"1,3587 €"
"2018-07-21";"Gasóleo simples";"1,3547 €"
"2018-07-22";"Gasóleo simples";"1,3549 €"
"2018-07-23";"Gasóleo simples";"1,3491 €"
"2018-07-24";"Gasóleo simples";"1,3459 €"
"2018-07-25";"Gasóleo simples";"1,3452 €"
"2018-07-26";"Gasóleo simples";"1,3451 €"
"2018-07-27";"Gasóleo simples";"1,3445 €"
"2018-07-28";"Gasóleo simples";"1,3401 €"
"2018-07-29";"Gasóleo simples";"1,3405 €"
"2018-07-30";"Gasóleo simples";"1,3579 €"
"2018-07-31";"Gasóleo simples";"1,3598 €"
"2018-08-01";"Gasóleo simples";"1,3606 €"
"2018-08-02";"Gasóleo simples";"1,3609 €"
"2018-08-03";"Gasóleo simples";"1,3604 €"
"2018-08-04";"Gasóleo simples";"1,3564 €"
"2018-08-05";"Gasóleo simples";"1,3567 €"
"2018-08-06";"Gasóleo simples";"1,3599 €"
"2018-08-07";"Gasóleo simples";"1,3578 €"
"2018-08-08";"Gasóleo simples";"1,3569 €"
"2018-08-09";"Gasóleo simples";"1,3568 €"
"2018-08-10";"Gasóleo simples";"1,3561 €"
"2018-08-11";"Gasóleo simples";"1,3520 €"
"2018-08-12";"Gasóleo simples";"1,3524 €"
"2018-08-13";"Gasóleo simples";"1,3590 €"
"2018-08-14";"Gasóleo simples";"1,3606 €"
"2018-08-15";"Gasóleo simples";"1,3606 €"
"2018-08-16";"Gasóleo simples";"1,3608 €"
"2018-08-17";"Gasóleo simples";"1,3601 €"
"2018-08-18";"Gasóleo simples";"1,3560 €"
"2018-08-19";"Gasóleo simples";"1,3562 €"
"2018-08-20";"Gasóleo simples";"1,3596 €"
"2018-08-21";"Gasóleo simples";"1,3615 €"
"2018-08-22";"Gasóleo simples";"1,3612 €"
"2018-08-23";"Gasóleo simples";"1,3614 €"
"2018-08-24";"Gasóleo simples";"1,3608 €"
"2018-08-25";"Gasóleo simples";"1,3566 €"
"2018-08-26";"Gasóleo simples";"1,3570 €"
"2018-08-27";"Gasóleo simples";"1,3639 €"
"2018-08-28";"Gasóleo simples";"1,3658 €"
"2018-08-29";"Gasóleo simples";"1,3658 €"
"2018-08-30";"Gasóleo simples";"1,3659 €"
"2018-08-31";"Gasóleo simples";"1,3653 €"
"2018-09-01";"Gasóleo simples";"1,3614 €"
"2018-09-02";"Gasóleo simples";"1,3635 €"
"2018-09-03";"Gasóleo simples";"1,3788 €"
"2018-09-04";"Gasóleo simples";"1,3812 €"
"2018-09-05";"Gasóleo simples";"1,3812 €"
"2018-09-06";"Gasóleo simples";"1,3813 €"
"2018-09-07";"Gasóleo simples";"1,3808 €"
"2018-09-08";"Gasóleo simples";"1,3762 €"
"2018-09-09";"Gasóleo simples";"1,3765 €"
"2018-09-10";"Gasóleo simples";"1,3828 €"
"2018-09-11";"Gasóleo simples";"1,3848 €"
"2018-09-12";"Gasóleo simples";"1,3847 €"
"2018-09-13";"Gasóleo simples";"1,3847 €"
"2018-09-14";"Gasóleo simples";"1,3842 €"
"2018-09-15";"Gasóleo simples";"1,3800 €"
"2018-09-16";"Gasóleo simples";"1,3802 €"
"2018-09-17";"Gasóleo simples";"1,3850 €"
"2018-09-18";"Gasóleo simples";"1,3850 €"
"2018-09-19";"Gasóleo simples";"1,3850 €"
"2018-09-20";"Gasóleo simples";"1,3850 €"
"2018-09-21";"Gasóleo simples";"1,3841 €"
"2018-09-22";"Gasóleo simples";"1,3803 €"
"2018-09-23";"Gasóleo simples";"1,3806 €"
"2018-09-24";"Gasóleo simples";"1,3836 €"
"2018-09-25";"Gasóleo simples";"1,3824 €"
"2018-09-26";"Gasóleo simples";"1,3821 €"
"2018-09-27";"Gasóleo simples";"1,3821 €"
"2018-09-28";"Gasóleo simples";"1,3814 €"
"2018-09-29";"Gasóleo simples";"1,3761 €"
"2018-09-30";"Gasóleo simples";"1,3767 €"
"2018-10-01";"Gasóleo simples";"1,3983 €"
"2018-10-02";"Gasóleo simples";"1,4028 €"
"2018-10-03";"Gasóleo simples";"1,4032 €"
"2018-10-04";"Gasóleo simples";"1,4036 €"
"2018-10-05";"Gasóleo simples";"1,4029 €"
"2018-10-06";"Gasóleo simples";"1,3988 €"
"2018-10-07";"Gasóleo simples";"1,3995 €"
"2018-10-08";"Gasóleo simples";"1,4296 €"
"2018-10-09";"Gasóleo simples";"1,4353 €"
"2018-10-10";"Gasóleo simples";"1,4361 €"
"2018-10-11";"Gasóleo simples";"1,4363 €"
"2018-10-12";"Gasóleo simples";"1,4357 €"
"2018-10-13";"Gasóleo simples";"1,4315 €"
"2018-10-14";"Gasóleo simples";"1,4320 €"
"2018-10-15";"Gasóleo simples";"1,4347 €"
"2018-10-16";"Gasóleo simples";"1,4332 €"
"2018-10-17";"Gasóleo simples";"1,4329 €"
"2018-10-18";"Gasóleo simples";"1,4328 €"
"2018-10-19";"Gasóleo simples";"1,4322 €"
"2018-10-20";"Gasóleo simples";"1,4280 €"
"2018-10-21";"Gasóleo simples";"1,4283 €"
"2018-10-22";"Gasóleo simples";"1,4257 €"
"2018-10-23";"Gasóleo simples";"1,4189 €"
"2018-10-24";"Gasóleo simples";"1,4174 €"
"2018-10-25";"Gasóleo simples";"1,4172 €"
"2018-10-26";"Gasóleo simples";"1,4163 €"
"2018-10-27";"Gasóleo simples";"1,4119 €"
"2018-10-28";"Gasóleo simples";"1,4123 €"
"2018-10-29";"Gasóleo simples";"1,4178 €"
"2018-10-30";"Gasóleo simples";"1,4199 €"
"2018-10-31";"Gasóleo simples";"1,4199 €"
"2018-11-01";"Gasóleo simples";"1,4199 €"
"2018-11-02";"Gasóleo simples";"1,4191 €"
"2018-11-03";"Gasóleo simples";"1,4149 €"
"2018-11-04";"Gasóleo simples";"1,4152 €"
"2018-11-05";"Gasóleo simples";"1,4187 €"
"2018-11-06";"Gasóleo simples";"1,4174 €"
"2018-11-07";"Gasóleo simples";"1,4169 €"
"2018-11-08";"Gasóleo simples";"1,4165 €"
"2018-11-09";"Gasóleo simples";"1,4155 €"
"2018-11-10";"Gasóleo simples";"1,4109 €"
"2018-11-11";"Gasóleo simples";"1,4112 €"
"2018-11-12";"Gasóleo simples";"1,4036 €"
"2018-11-13";"Gasóleo simples";"1,3985 €"
"2018-11-14";"Gasóleo simples";"1,3976 €"
"2018-11-15";"Gasóleo simples";"1,3973 €"
"2018-11-16";"Gasóleo simples";"1,3963 €"
"2018-11-17";"Gasóleo simples";"1,3917 €"
"2018-11-18";"Gasóleo simples";"1,3915 €"
"2018-11-19";"Gasóleo simples";"1,3910 €"
"2018-11-20";"Gasóleo simples";"1,3851 €"
"2018-11-21";"Gasóleo simples";"1,3847 €"
"2018-11-22";"Gasóleo simples";"1,3844 €"
"2018-11-23";"Gasóleo simples";"1,3834 €"
"2018-11-24";"Gasóleo simples";"1,3792 €"
"2018-11-25";"Gasóleo simples";"1,3794 €"
"2018-11-26";"Gasóleo simples";"1,3636 €"
"2018-11-27";"Gasóleo simples";"1,3517 €"
"2018-11-28";"Gasóleo simples";"1,3493 €"
"2018-11-29";"Gasóleo simples";"1,3487 €"
"2018-11-30";"Gasóleo simples";"1,3477 €"
"2018-12-01";"Gasóleo simples";"1,3429 €"
"2018-12-02";"Gasóleo simples";"1,3430 €"
"2018-12-03";"Gasóleo simples";"1,3311 €"
"2018-12-04";"Gasóleo simples";"1,3209 €"
"2018-12-05";"Gasóleo simples";"1,3188 €"
"2018-12-06";"Gasóleo simples";"1,3154 €"
"2018-12-07";"Gasóleo simples";"1,3144 €"
"2018-12-08";"Gasóleo simples";"1,3094 €"
"2018-12-09";"Gasóleo simples";"1,3097 €"
"2018-12-10";"Gasóleo simples";"1,3142 €"
"2018-12-11";"Gasóleo simples";"1,3154 €"
"2018-12-12";"Gasóleo simples";"1,3145 €"
"2018-12-13";"Gasóleo simples";"1,3145 €"
"2018-12-14";"Gasóleo simples";"1,3137 €"
"2018-12-15";"Gasóleo simples";"1,3087 €"
"2018-12-16";"Gasóleo simples";"1,3089 €"
"2018-12-17";"Gasóleo simples";"1,3098 €"
"2018-12-18";"Gasóleo simples";"1,3066 €"
"2018-12-19";"Gasóleo simples";"1,3061 €"
"2018-12-20";"Gasóleo simples";"1,3057 €"
"2018-12-21";"Gasóleo simples";"1,3049 €"
"2018-12-22";"Gasóleo simples";"1,2997 €"
"2018-12-23";"Gasóleo simples";"1,3000 €"
"2018-12-24";"Gasóleo simples";"1,2900 €"
"2018-12-25";"Gasóleo simples";"1,2871 €"
"2018-12-26";"Gasóleo simples";"1,2838 €"
"2018-12-27";"Gasóleo simples";"1,2826 €"
"2018-12-28";"Gasóleo simples";"1,2804 €"
"2018-12-29";"Gasóleo simples";"1,2758 €"
"2018-12-30";"Gasóleo simples";"1,2759 €"
"2018-12-31";"Gasóleo simples";"1,2716 €"
"2019-01-01";"Gasóleo simples";"1,2940 €"
"2019-01-02";"Gasóleo simples";"1,2931 €"
"2019-01-03";"Gasóleo simples";"1,2917 €"
"2019-01-04";"Gasóleo simples";"1,2917 €"
"2019-01-05";"Gasóleo simples";"1,2877 €"
"2019-01-06";"Gasóleo simples";"1,2882 €"
"2019-01-07";"Gasóleo simples";"1,3019 €"
"2019-01-08";"Gasóleo simples";"1,3099 €"
"2019-01-09";"Gasóleo simples";"1,3101 €"
"2019-01-10";"Gasóleo simples";"1,3103 €"
"2019-01-11";"Gasóleo simples";"1,3096 €"
"2019-01-12";"Gasóleo simples";"1,3049 €"
"2019-01-13";"Gasóleo simples";"1,3054 €"
"2019-01-14";"Gasóleo simples";"1,3282 €"
"2019-01-15";"Gasóleo simples";"1,3358 €"
"2019-01-16";"Gasóleo simples";"1,3314 €"
"2019-01-17";"Gasóleo simples";"1,3313 €"
"2019-01-18";"Gasóleo simples";"1,3312 €"
"2019-01-19";"Gasóleo simples";"1,3264 €"
"2019-01-20";"Gasóleo simples";"1,3267 €"
"2019-01-21";"Gasóleo simples";"1,3373 €"
"2019-01-22";"Gasóleo simples";"1,3410 €"
"2019-01-23";"Gasóleo simples";"1,3423 €"
"2019-01-24";"Gasóleo simples";"1,3425 €"
"2019-01-25";"Gasóleo simples";"1,3419 €"
"2019-01-26";"Gasóleo simples";"1,3369 €"
"2019-01-27";"Gasóleo simples";"1,3372 €"
"2019-01-28";"Gasóleo simples";"1,3448 €"
"2019-01-29";"Gasóleo simples";"1,3476 €"
"2019-01-30";"Gasóleo simples";"1,3487 €"
"2019-01-31";"Gasóleo simples";"1,3486 €"
"2019-02-01";"Gasóleo simples";"1,3482 €"
"2019-02-02";"Gasóleo simples";"1,3453 €"
"2019-02-03";"Gasóleo simples";"1,3458 €"
"2019-02-04";"Gasóleo simples";"1,3480 €"
"2019-02-05";"Gasóleo simples";"1,3493 €"
"2019-02-06";"Gasóleo simples";"1,3493 €"
"2019-02-07";"Gasóleo simples";"1,3491 €"
"2019-02-08";"Gasóleo simples";"1,3488 €"
"2019-02-09";"Gasóleo simples";"1,3436 €"
"2019-02-10";"Gasóleo simples";"1,3441 €"
"2019-02-11";"Gasóleo simples";"1,3515 €"
"2019-02-12";"Gasóleo simples";"1,3536 €"
"2019-02-13";"Gasóleo simples";"1,3543 €"
"2019-02-14";"Gasóleo simples";"1,3544 €"
"2019-02-15";"Gasóleo simples";"1,3537 €"
"2019-02-16";"Gasóleo simples";"1,3491 €"
"2019-02-17";"Gasóleo simples";"1,3495 €"
"2019-02-18";"Gasóleo simples";"1,3613 €"
"2019-02-19";"Gasóleo simples";"1,3696 €"
"2019-02-20";"Gasóleo simples";"1,3719 €"
"2019-02-21";"Gasóleo simples";"1,3718 €"
"2019-02-22";"Gasóleo simples";"1,3710 €"
"2019-02-23";"Gasóleo simples";"1,3662 €"
"2019-02-24";"Gasóleo simples";"1,3669 €"
"2019-02-25";"Gasóleo simples";"1,3857 €"
"2019-02-26";"Gasóleo simples";"1,3918 €"
"2019-02-27";"Gasóleo simples";"1,3920 €"
"2019-02-28";"Gasóleo simples";"1,3920 €"
"2019-03-01";"Gasóleo simples";"1,3911 €"
"2019-03-02";"Gasóleo simples";"1,3876 €"
"2019-03-03";"Gasóleo simples";"1,3875 €"
"2019-03-04";"Gasóleo simples";"1,3917 €"
"2019-03-05";"Gasóleo simples";"1,3923 €"
"2019-03-06";"Gasóleo simples";"1,3923 €"
"2019-03-07";"Gasóleo simples";"1,3921 €"
"2019-03-08";"Gasóleo simples";"1,3913 €"
"2019-03-09";"Gasóleo simples";"1,3866 €"
"2019-03-10";"Gasóleo simples";"1,3861 €"
"2019-03-11";"Gasóleo simples";"1,3939 €"
"2019-03-12";"Gasóleo simples";"1,3955 €"
"2019-03-13";"Gasóleo simples";"1,3952 €"
"2019-03-14";"Gasóleo simples";"1,3950 €"
"2019-03-15";"Gasóleo simples";"1,3942 €"
"2019-03-16";"Gasóleo simples";"1,3896 €"
"2019-03-17";"Gasóleo simples";"1,3900 €"
"2019-03-18";"Gasóleo simples";"1,3936 €"
"2019-03-19";"Gasóleo simples";"1,3917 €"
"2019-03-20";"Gasóleo simples";"1,3915 €"
"2019-03-21";"Gasóleo simples";"1,3910 €"
"2019-03-22";"Gasóleo simples";"1,3901 €"
"2019-03-23";"Gasóleo simples";"1,3843 €"
"2019-03-24";"Gasóleo simples";"1,3847 €"
"2019-03-25";"Gasóleo simples";"1,3902 €"
"2019-03-26";"Gasóleo simples";"1,3909 €"
"2019-03-27";"Gasóleo simples";"1,3683 €"
"2019-03-28";"Gasóleo simples";"1,3681 €"
"2019-03-29";"Gasóleo simples";"1,3675 €"
"2019-03-30";"Gasóleo simples";"1,3627 €"
"2019-03-31";"Gasóleo simples";"1,3631 €"
"2019-04-01";"Gasóleo simples";"1,3685 €"
"2019-04-02";"Gasóleo simples";"1,3691 €"
"2019-04-03";"Gasóleo simples";"1,3688 €"
"2019-04-04";"Gasóleo simples";"1,3686 €"
"2019-04-05";"Gasóleo simples";"1,3677 €"
"2019-04-06";"Gasóleo simples";"1,3627 €"
"2019-04-07";"Gasóleo simples";"1,3633 €"
"2019-04-08";"Gasóleo simples";"1,3741 €"
"2019-04-09";"Gasóleo simples";"1,3746 €"
"2019-04-10";"Gasóleo simples";"1,3755 €"
"2019-04-11";"Gasóleo simples";"1,3752 €"
"2019-04-12";"Gasóleo simples";"1,3743 €"
"2019-04-13";"Gasóleo simples";"1,3695 €"
"2019-04-14";"Gasóleo simples";"1,3700 €"
"2019-04-15";"Gasóleo simples";"1,3826 €"
"2019-04-16";"Gasóleo simples";"1,3850 €"
"2019-04-17";"Gasóleo simples";"1,3856 €"
"2019-04-18";"Gasóleo simples";"1,3860 €"
"2019-04-19";"Gasóleo simples";"1,3852 €"
"2019-04-20";"Gasóleo simples";"1,3808 €"
"2019-04-21";"Gasóleo simples";"1,3810 €"
"2019-04-22";"Gasóleo simples";"1,3856 €"
"2019-04-23";"Gasóleo simples";"1,3860 €"
"2019-04-24";"Gasóleo simples";"1,3857 €"
"2019-04-25";"Gasóleo simples";"1,3855 €"
"2019-04-26";"Gasóleo simples";"1,3847 €"
"2019-04-27";"Gasóleo simples";"1,3799 €"
"2019-04-28";"Gasóleo simples";"1,3803 €"
"2019-04-29";"Gasóleo simples";"1,3919 €"
"2019-04-30";"Gasóleo simples";"1,3962 €"
"2019-05-01";"Gasóleo simples";"1,3960 €"
"2019-05-02";"Gasóleo simples";"1,3962 €"
"2019-05-03";"Gasóleo simples";"1,3955 €"
"2019-05-04";"Gasóleo simples";"1,3906 €"
"2019-05-05";"Gasóleo simples";"1,3911 €"
"2019-05-06";"Gasóleo simples";"1,3961 €"
"2019-05-07";"Gasóleo simples";"1,3963 €"
"2019-05-08";"Gasóleo simples";"1,3957 €"
"2019-05-09";"Gasóleo simples";"1,3955 €"
"2019-05-10";"Gasóleo simples";"1,3947 €"
"2019-05-11";"Gasóleo simples";"1,3901 €"
"2019-05-12";"Gasóleo simples";"1,3903 €"
"2019-05-13";"Gasóleo simples";"1,3919 €"
"2019-05-14";"Gasóleo simples";"1,3916 €"
"2019-05-15";"Gasóleo simples";"1,3913 €"
"2019-05-16";"Gasóleo simples";"1,3910 €"
"2019-05-17";"Gasóleo simples";"1,3902 €"
"2019-05-18";"Gasóleo simples";"1,3853 €"
"2019-05-19";"Gasóleo simples";"1,3856 €"
"2019-05-20";"Gasóleo simples";"1,3971 €"
"2019-05-21";"Gasóleo simples";"1,4027 €"
"2019-05-22";"Gasóleo simples";"1,4026 €"
"2019-05-23";"Gasóleo simples";"1,4025 €"
"2019-05-24";"Gasóleo simples";"1,4018 €"
"2019-05-25";"Gasóleo simples";"1,3969 €"
"2019-05-26";"Gasóleo simples";"1,3974 €"
"2019-05-27";"Gasóleo simples";"1,3959 €"
"2019-05-28";"Gasóleo simples";"1,3886 €"
"2019-05-29";"Gasóleo simples";"1,3882 €"
"2019-05-30";"Gasóleo simples";"1,3876 €"
"2019-05-31";"Gasóleo simples";"1,3865 €"
"2019-06-01";"Gasóleo simples";"1,3813 €"
"2019-06-02";"Gasóleo simples";"1,3816 €"
"2019-06-03";"Gasóleo simples";"1,3742 €"
"2019-06-04";"Gasóleo simples";"1,3672 €"
"2019-06-05";"Gasóleo simples";"1,3654 €"
"2019-06-06";"Gasóleo simples";"1,3647 €"
"2019-06-07";"Gasóleo simples";"1,3632 €"
"2019-06-08";"Gasóleo simples";"1,3581 €"
"2019-06-09";"Gasóleo simples";"1,3583 €"
"2019-06-10";"Gasóleo simples";"1,3392 €"
"2019-06-11";"Gasóleo simples";"1,3292 €"
"2019-06-12";"Gasóleo simples";"1,3255 €"
"2019-06-13";"Gasóleo simples";"1,3238 €"
"2019-06-14";"Gasóleo simples";"1,3225 €"
"2019-06-15";"Gasóleo simples";"1,3176 €"
"2019-06-16";"Gasóleo simples";"1,3178 €"
"2019-06-17";"Gasóleo simples";"1,3226 €"
"2019-06-18";"Gasóleo simples";"1,3227 €"
"2019-06-19";"Gasóleo simples";"1,3225 €"
"2019-06-20";"Gasóleo simples";"1,3223 €"
"2019-06-21";"Gasóleo simples";"1,3215 €"
"2019-06-22";"Gasóleo simples";"1,3167 €"
"2019-06-23";"Gasóleo simples";"1,3170 €"
"2019-06-24";"Gasóleo simples";"1,3269 €"
"2019-06-25";"Gasóleo simples";"1,3305 €"
"2019-06-26";"Gasóleo simples";"1,3301 €"
"2019-06-27";"Gasóleo simples";"1,3301 €"
"2019-06-28";"Gasóleo simples";"1,3294 €"
"2019-06-29";"Gasóleo simples";"1,3248 €"
"2019-06-30";"Gasóleo simples";"1,3251 €"
"2019-07-01";"Gasóleo simples";"1,3376 €"
"2019-07-02";"Gasóleo simples";"1,3429 €"
"2019-07-03";"Gasóleo simples";"1,3427 €"
"2019-07-04";"Gasóleo simples";"1,3426 €"
"2019-07-05";"Gasóleo simples";"1,3417 €"
"2019-07-06";"Gasóleo simples";"1,3369 €"
"2019-07-07";"Gasóleo simples";"1,3372 €"
"2019-07-08";"Gasóleo simples";"1,3412 €"
"2019-07-09";"Gasóleo simples";"1,3400 €"
"2019-07-10";"Gasóleo simples";"1,3399 €"
"2019-07-11";"Gasóleo simples";"1,3395 €"
"2019-07-12";"Gasóleo simples";"1,3386 €"
"2019-07-13";"Gasóleo simples";"1,3339 €"
"2019-07-14";"Gasóleo simples";"1,3344 €"
"2019-07-15";"Gasóleo simples";"1,3462 €"
"2019-07-16";"Gasóleo simples";"1,3519 €"
"2019-07-17";"Gasóleo simples";"1,3517 €"
"2019-07-18";"Gasóleo simples";"1,3518 €"
"2019-07-19";"Gasóleo simples";"1,3513 €"
"2019-07-20";"Gasóleo simples";"1,3460 €"
"2019-07-21";"Gasóleo simples";"1,3464 €"
"2019-07-22";"Gasóleo simples";"1,3503 €"
"2019-07-23";"Gasóleo simples";"1,3491 €"
"2019-07-24";"Gasóleo simples";"1,3492 €"
"2019-07-25";"Gasóleo simples";"1,3489 €"
"2019-07-26";"Gasóleo simples";"1,3473 €"
"2019-07-27";"Gasóleo simples";"1,3464 €"
"2019-07-28";"Gasóleo simples";"1,3463 €"
"2019-07-29";"Gasóleo simples";"1,3501 €"
"2019-07-30";"Gasóleo simples";"1,3530 €"
"2019-07-31";"Gasóleo simples";"1,3532 €"
"2019-08-01";"Gasóleo simples";"1,3532 €"
"2019-08-02";"Gasóleo simples";"1,3516 €"
"2019-08-03";"Gasóleo simples";"1,3468 €"
"2019-08-04";"Gasóleo simples";"1,3473 €"
"2019-08-05";"Gasóleo simples";"1,3539 €"
"2019-08-06";"Gasóleo simples";"1,3550 €"
"2019-08-07";"Gasóleo simples";"1,3560 €"
"2019-08-08";"Gasóleo simples";"1,3565 €"
"2019-08-09";"Gasóleo simples";"1,3563 €"
"2019-08-10";"Gasóleo simples";"1,3517 €"
"2019-08-11";"Gasóleo simples";"1,3517 €"
"2019-08-12";"Gasóleo simples";"1,3408 €"
"2019-08-13";"Gasóleo simples";"1,3277 €"
"2019-08-14";"Gasóleo simples";"1,3261 €"
"2019-08-15";"Gasóleo simples";"1,3258 €"
"2019-08-16";"Gasóleo simples";"1,3244 €"
"2019-08-17";"Gasóleo simples";"1,3193 €"
"2019-08-18";"Gasóleo simples";"1,3192 €"
"2019-08-19";"Gasóleo simples";"1,3293 €"
"2019-08-20";"Gasóleo simples";"1,3320 €"
"2019-08-21";"Gasóleo simples";"1,3318 €"
"2019-08-22";"Gasóleo simples";"1,3319 €"
"2019-08-23";"Gasóleo simples";"1,3312 €"
"2019-08-24";"Gasóleo simples";"1,3265 €"
"2019-08-25";"Gasóleo simples";"1,3263 €"
"2019-08-26";"Gasóleo simples";"1,3335 €"
"2019-08-27";"Gasóleo simples";"1,3356 €"
"2019-08-28";"Gasóleo simples";"1,3358 €"
"2019-08-29";"Gasóleo simples";"1,3357 €"
"2019-08-30";"Gasóleo simples";"1,3347 €"
"2019-08-31";"Gasóleo simples";"1,3300 €"
"2019-09-01";"Gasóleo simples";"1,3297 €"
"2019-09-02";"Gasóleo simples";"1,3351 €"
"2019-09-03";"Gasóleo simples";"1,3404 €"
"2019-09-04";"Gasóleo simples";"1,3390 €"
"2019-09-05";"Gasóleo simples";"1,3386 €"
"2019-09-06";"Gasóleo simples";"1,3385 €"
"2019-09-07";"Gasóleo simples";"1,3331 €"
"2019-09-08";"Gasóleo simples";"1,3330 €"
"2019-09-09";"Gasóleo simples";"1,3420 €"
"2019-09-10";"Gasóleo simples";"1,3449 €"
"2019-09-11";"Gasóleo simples";"1,3457 €"
"2019-09-12";"Gasóleo simples";"1,3460 €"
"2019-09-13";"Gasóleo simples";"1,3450 €"
"2019-09-14";"Gasóleo simples";"1,3404 €"
"2019-09-15";"Gasóleo simples";"1,3403 €"
"2019-09-16";"Gasóleo simples";"1,3603 €"
"2019-09-17";"Gasóleo simples";"1,3632 €"
"2019-09-18";"Gasóleo simples";"1,3636 €"
"2019-09-19";"Gasóleo simples";"1,3637 €"
"2019-09-20";"Gasóleo simples";"1,3630 €"
"2019-09-21";"Gasóleo simples";"1,3583 €"
"2019-09-22";"Gasóleo simples";"1,3587 €"
"2019-09-23";"Gasóleo simples";"1,3826 €"
"2019-09-24";"Gasóleo simples";"1,3873 €"
"2019-09-25";"Gasóleo simples";"1,3874 €"
"2019-09-26";"Gasóleo simples";"1,3875 €"
"2019-09-27";"Gasóleo simples";"1,3866 €"
"2019-09-28";"Gasóleo simples";"1,3814 €"
"2019-09-29";"Gasóleo simples";"1,3817 €"
"2019-09-30";"Gasóleo simples";"1,3824 €"
"2019-10-01";"Gasóleo simples";"1,3806 €"
"2019-10-02";"Gasóleo simples";"1,3802 €"
"2019-10-03";"Gasóleo simples";"1,3802 €"
"2019-10-04";"Gasóleo simples";"1,3795 €"
"2019-10-05";"Gasóleo simples";"1,3782 €"
"2019-10-06";"Gasóleo simples";"1,3780 €"
"2019-10-07";"Gasóleo simples";"1,3719 €"
"2019-10-08";"Gasóleo simples";"1,3647 €"
"2019-10-09";"Gasóleo simples";"1,3641 €"
"2019-10-10";"Gasóleo simples";"1,3637 €"
"2019-10-11";"Gasóleo simples";"1,3628 €"
"2019-10-12";"Gasóleo simples";"1,3578 €"
"2019-10-13";"Gasóleo simples";"1,3582 €"
"2019-10-14";"Gasóleo simples";"1,3642 €"
"2019-10-15";"Gasóleo simples";"1,3669 €"
"2019-10-16";"Gasóleo simples";"1,3669 €"
"2019-10-17";"Gasóleo simples";"1,3668 €"
"2019-10-18";"Gasóleo simples";"1,3659 €"
"2019-10-19";"Gasóleo simples";"1,3609 €"
"2019-10-20";"Gasóleo simples";"1,3612 €"
"2019-10-21";"Gasóleo simples";"1,3648 €"
"2019-10-22";"Gasóleo simples";"1,3627 €"
"2019-10-23";"Gasóleo simples";"1,3626 €"
"2019-10-24";"Gasóleo simples";"1,3626 €"
"2019-10-25";"Gasóleo simples";"1,3613 €"
"2019-10-26";"Gasóleo simples";"1,3564 €"
"2019-10-27";"Gasóleo simples";"1,3569 €"
"2019-10-28";"Gasóleo simples";"1,3630 €"
"2019-10-29";"Gasóleo simples";"1,3655 €"
"2019-10-30";"Gasóleo simples";"1,3658 €"
"2019-10-31";"Gasóleo simples";"1,3659 €"
"2019-11-01";"Gasóleo simples";"1,3650 €"
"2019-11-02";"Gasóleo simples";"1,3603 €"
"2019-11-03";"Gasóleo simples";"1,3610 €"
"2019-11-04";"Gasóleo simples";"1,3646 €"
"2019-11-05";"Gasóleo simples";"1,3630 €"
"2019-11-06";"Gasóleo simples";"1,3628 €"
"2019-11-07";"Gasóleo simples";"1,3628 €"
"2019-11-08";"Gasóleo simples";"1,3613 €"
"2019-11-09";"Gasóleo simples";"1,3565 €"
"2019-11-10";"Gasóleo simples";"1,3571 €"
"2019-11-11";"Gasóleo simples";"1,3650 €"
"2019-11-12";"Gasóleo simples";"1,3665 €"
"2019-11-13";"Gasóleo simples";"1,3665 €"
"2019-11-14";"Gasóleo simples";"1,3670 €"
"2019-11-15";"Gasóleo simples";"1,3662 €"
"2019-11-16";"Gasóleo simples";"1,3615 €"
"2019-11-17";"Gasóleo simples";"1,3620 €"
"2019-11-18";"Gasóleo simples";"1,3673 €"
"2019-11-19";"Gasóleo simples";"1,3674 €"
"2019-11-20";"Gasóleo simples";"1,3671 €"
"2019-11-21";"Gasóleo simples";"1,3672 €"
"2019-11-22";"Gasóleo simples";"1,3664 €"
"2019-11-23";"Gasóleo simples";"1,3614 €"
"2019-11-24";"Gasóleo simples";"1,3617 €"
"2019-11-25";"Gasóleo simples";"1,3641 €"
"2019-11-26";"Gasóleo simples";"1,3618 €"
"2019-11-27";"Gasóleo simples";"1,3613 €"
"2019-11-28";"Gasóleo simples";"1,3612 €"
"2019-11-29";"Gasóleo simples";"1,3604 €"
"2019-11-30";"Gasóleo simples";"1,3554 €"
"2019-12-01";"Gasóleo simples";"1,3559 €"
"2019-12-02";"Gasóleo simples";"1,3660 €"
"2019-12-03";"Gasóleo simples";"1,3711 €"
"2019-12-04";"Gasóleo simples";"1,3710 €"
"2019-12-05";"Gasóleo simples";"1,3711 €"
"2019-12-06";"Gasóleo simples";"1,3704 €"
"2019-12-07";"Gasóleo simples";"1,3653 €"
"2019-12-08";"Gasóleo simples";"1,3658 €"
"2019-12-09";"Gasóleo simples";"1,3681 €"
"2019-12-10";"Gasóleo simples";"1,3660 €"
"2019-12-11";"Gasóleo simples";"1,3660 €"
"2019-12-12";"Gasóleo simples";"1,3657 €"
"2019-12-13";"Gasóleo simples";"1,3649 €"
"2019-12-14";"Gasóleo simples";"1,3594 €"
"2019-12-15";"Gasóleo simples";"1,3598 €"
"2019-12-16";"Gasóleo simples";"1,3685 €"
"2019-12-17";"Gasóleo simples";"1,3722 €"
"2019-12-18";"Gasóleo simples";"1,3719 €"
"2019-12-19";"Gasóleo simples";"1,3719 €"
"2019-12-20";"Gasóleo simples";"1,3705 €"
"2019-12-21";"Gasóleo simples";"1,3658 €"
"2019-12-22";"Gasóleo simples";"1,3665 €"
"2019-12-23";"Gasóleo simples";"1,3827 €"
"2019-12-24";"Gasóleo simples";"1,3907 €"
"2019-12-25";"Gasóleo simples";"1,3907 €"
"2019-12-26";"Gasóleo simples";"1,3913 €"
"2019-12-27";"Gasóleo simples";"1,3908 €"
"2019-12-28";"Gasóleo simples";"1,3858 €"
"2019-12-29";"Gasóleo simples";"1,3863 €"
"2019-12-30";"Gasóleo simples";"1,3937 €"
"2019-12-31";"Gasóleo simples";"1,3975 €"
"2020-01-01";"Gasóleo simples";"1,3998 €"
"2020-01-02";"Gasóleo simples";"1,4057 €"
"2020-01-03";"Gasóleo simples";"1,4131 €"
"2020-01-04";"Gasóleo simples";"1,4126 €"
"2020-01-05";"Gasóleo simples";"1,4133 €"
"2020-01-06";"Gasóleo simples";"1,4213 €"
"2020-01-07";"Gasóleo simples";"1,4229 €"
"2020-01-08";"Gasóleo simples";"1,4236 €"
"2020-01-09";"Gasóleo simples";"1,4242 €"
"2020-01-10";"Gasóleo simples";"1,4266 €"
"2020-01-11";"Gasóleo simples";"1,4223 €"
"2020-01-12";"Gasóleo simples";"1,4226 €"
"2020-01-13";"Gasóleo simples";"1,4233 €"
"2020-01-14";"Gasóleo simples";"1,4204 €"
"2020-01-15";"Gasóleo simples";"1,4201 €"
"2020-01-16";"Gasóleo simples";"1,4201 €"
"2020-01-17";"Gasóleo simples";"1,4193 €"
"2020-01-18";"Gasóleo simples";"1,4149 €"
"2020-01-19";"Gasóleo simples";"1,4152 €"
"2020-01-20";"Gasóleo simples";"1,4059 €"
"2020-01-21";"Gasóleo simples";"1,3968 €"
"2020-01-22";"Gasóleo simples";"1,3951 €"
"2020-01-23";"Gasóleo simples";"1,3927 €"
"2020-01-24";"Gasóleo simples";"1,3916 €"
"2020-01-25";"Gasóleo simples";"1,3869 €"
"2020-01-26";"Gasóleo simples";"1,3872 €"
"2020-01-27";"Gasóleo simples";"1,3866 €"
"2020-01-28";"Gasóleo simples";"1,4006 €"
"2020-01-29";"Gasóleo simples";"1,3997 €"
"2020-01-30";"Gasóleo simples";"1,4002 €"
"2020-01-31";"Gasóleo simples";"1,3990 €"
"2020-02-01";"Gasóleo simples";"1,3956 €"
"2020-02-02";"Gasóleo simples";"1,3958 €"
"2020-02-03";"Gasóleo simples";"1,3866 €"
"2020-02-04";"Gasóleo simples";"1,3783 €"
"2020-02-05";"Gasóleo simples";"1,3776 €"
"2020-02-06";"Gasóleo simples";"1,3773 €"
"2020-02-07";"Gasóleo simples";"1,3766 €"
"2020-02-08";"Gasóleo simples";"1,3729 €"
"2020-02-09";"Gasóleo simples";"1,3732 €"
"2020-02-10";"Gasóleo simples";"1,3726 €"
"2020-02-11";"Gasóleo simples";"1,3676 €"
"2020-02-12";"Gasóleo simples";"1,3666 €"
"2020-02-13";"Gasóleo simples";"1,3661 €"
"2020-02-14";"Gasóleo simples";"1,3652 €"
"2020-02-15";"Gasóleo simples";"1,3621 €"
"2020-02-16";"Gasóleo simples";"1,3626 €"
"2020-02-17";"Gasóleo simples";"1,3698 €"
"2020-02-18";"Gasóleo simples";"1,3625 €"
"2020-02-19";"Gasóleo simples";"1,3625 €"
"2020-02-20";"Gasóleo simples";"1,3625 €"
"2020-02-21";"Gasóleo simples";"1,3616 €"
"2020-02-22";"Gasóleo simples";"1,3582 €"
"2020-02-23";"Gasóleo simples";"1,3586 €"
"2020-02-24";"Gasóleo simples";"1,3663 €"
"2020-02-25";"Gasóleo simples";"1,3692 €"
"2020-02-26";"Gasóleo simples";"1,3692 €"
"2020-02-27";"Gasóleo simples";"1,3691 €"
"2020-02-28";"Gasóleo simples";"1,3686 €"
"2020-02-29";"Gasóleo simples";"1,3653 €"
"2020-03-01";"Gasóleo simples";"1,3656 €"
"2020-03-02";"Gasóleo simples";"1,3531 €"
"2020-03-03";"Gasóleo simples";"1,3412 €"
"2020-03-04";"Gasóleo simples";"1,3391 €"
"2020-03-05";"Gasóleo simples";"1,3367 €"
"2020-03-06";"Gasóleo simples";"1,3357 €"
"2020-03-07";"Gasóleo simples";"1,3321 €"
"2020-03-08";"Gasóleo simples";"1,3324 €"
"2020-03-09";"Gasóleo simples";"1,3277 €"
"2020-03-10";"Gasóleo simples";"1,3143 €"
"2020-03-11";"Gasóleo simples";"1,3138 €"
"2020-03-12";"Gasóleo simples";"1,3133 €"
"2020-03-13";"Gasóleo simples";"1,3125 €"
"2020-03-14";"Gasóleo simples";"1,3090 €"
"2020-03-15";"Gasóleo simples";"1,3090 €"
"2020-03-16";"Gasóleo simples";"1,2747 €"
"2020-03-17";"Gasóleo simples";"1,2598 €"
"2020-03-18";"Gasóleo simples";"1,2559 €"
"2020-03-19";"Gasóleo simples";"1,2536 €"
"2020-03-20";"Gasóleo simples";"1,2524 €"
"2020-03-21";"Gasóleo simples";"1,2487 €"
"2020-03-22";"Gasóleo simples";"1,2489 €"
"2020-03-23";"Gasóleo simples";"1,2331 €"
"2020-03-24";"Gasóleo simples";"1,2262 €"
"2020-03-25";"Gasóleo simples";"1,2232 €"
"2020-03-26";"Gasóleo simples";"1,2225 €"
"2020-03-27";"Gasóleo simples";"1,2217 €"
"2020-03-28";"Gasóleo simples";"1,2180 €"
"2020-03-29";"Gasóleo simples";"1,2184 €"
"2020-03-30";"Gasóleo simples";"1,2260 €"
"2020-03-31";"Gasóleo simples";"1,2291 €"
"2020-04-01";"Gasóleo simples";"1,2340 €"
"2020-04-02";"Gasóleo simples";"1,2340 €"
"2020-04-03";"Gasóleo simples";"1,2334 €"
"2020-04-04";"Gasóleo simples";"1,2300 €"
"2020-04-05";"Gasóleo simples";"1,2302 €"
"2020-04-06";"Gasóleo simples";"1,2285 €"
"2020-04-07";"Gasóleo simples";"1,2233 €"
"2020-04-08";"Gasóleo simples";"1,2228 €"
"2020-04-09";"Gasóleo simples";"1,2225 €"
"2020-04-10";"Gasóleo simples";"1,2218 €"
"2020-04-11";"Gasóleo simples";"1,2185 €"
"2020-04-12";"Gasóleo simples";"1,2188 €"
"2020-04-13";"Gasóleo simples";"1,2247 €"
"2020-04-14";"Gasóleo simples";"1,2258 €"
"2020-04-15";"Gasóleo simples";"1,2258 €"
"2020-04-16";"Gasóleo simples";"1,2258 €"
"2020-04-17";"Gasóleo simples";"1,2253 €"
"2020-04-18";"Gasóleo simples";"1,2218 €"
"2020-04-19";"Gasóleo simples";"1,2214 €"
"2020-04-20";"Gasóleo simples";"1,2113 €"
"2020-04-21";"Gasóleo simples";"1,2012 €"
"2020-04-22";"Gasóleo simples";"1,1680 €"
"2020-04-23";"Gasóleo simples";"1,1666 €"
"2020-04-24";"Gasóleo simples";"1,1658 €"
"2020-04-25";"Gasóleo simples";"1,1623 €"
"2020-04-26";"Gasóleo simples";"1,1618 €"
"2020-04-27";"Gasóleo simples";"1,1544 €"
"2020-04-28";"Gasóleo simples";"1,1470 €"
"2020-04-29";"Gasóleo simples";"1,1305 €"
"2020-04-30";"Gasóleo simples";"1,1299 €"
"2020-05-01";"Gasóleo simples";"1,1291 €"
"2020-05-02";"Gasóleo simples";"1,1258 €"
"2020-05-03";"Gasóleo simples";"1,1257 €"
"2020-05-04";"Gasóleo simples";"1,1255 €"
"2020-05-05";"Gasóleo simples";"1,1236 €"
"2020-05-06";"Gasóleo simples";"1,1229 €"
"2020-05-07";"Gasóleo simples";"1,1226 €"
"2020-05-08";"Gasóleo simples";"1,1219 €"
"2020-05-09";"Gasóleo simples";"1,1183 €"
"2020-05-10";"Gasóleo simples";"1,1192 €"
"2020-05-11";"Gasóleo simples";"1,1287 €"
"2020-05-12";"Gasóleo simples";"1,1347 €"
"2020-05-13";"Gasóleo simples";"1,1344 €"
"2020-05-14";"Gasóleo simples";"1,1343 €"
"2020-05-15";"Gasóleo simples";"1,1336 €"
"2020-05-16";"Gasóleo simples";"1,1301 €"
"2020-05-17";"Gasóleo simples";"1,1308 €"
"2020-05-18";"Gasóleo simples";"1,1387 €"
"2020-05-19";"Gasóleo simples";"1,1428 €"
"2020-05-20";"Gasóleo simples";"1,1428 €"
"2020-05-21";"Gasóleo simples";"1,1429 €"
"2020-05-22";"Gasóleo simples";"1,1422 €"
"2020-05-23";"Gasóleo simples";"1,1386 €"
"2020-05-24";"Gasóleo simples";"1,1410 €"
"2020-05-25";"Gasóleo simples";"1,1632 €"
"2020-05-26";"Gasóleo simples";"1,1695 €"
"2020-05-27";"Gasóleo simples";"1,1716 €"
"2020-05-28";"Gasóleo simples";"1,1717 €"
"2020-05-29";"Gasóleo simples";"1,1711 €"
"2020-05-30";"Gasóleo simples";"1,1677 €"
"2020-05-31";"Gasóleo simples";"1,1681 €"
"2020-06-01";"Gasóleo simples";"1,1692 €"
"2020-06-02";"Gasóleo simples";"1,1670 €"
"2020-06-03";"Gasóleo simples";"1,1668 €"
"2020-06-04";"Gasóleo simples";"1,1668 €"
"2020-06-05";"Gasóleo simples";"1,1662 €"
"2020-06-06";"Gasóleo simples";"1,1628 €"
"2020-06-07";"Gasóleo simples";"1,1640 €"
"2020-06-08";"Gasóleo simples";"1,1721 €"
"2020-06-09";"Gasóleo simples";"1,1763 €"
"2020-06-10";"Gasóleo simples";"1,1763 €"
"2020-06-11";"Gasóleo simples";"1,1764 €"
"2020-06-12";"Gasóleo simples";"1,1760 €"
"2020-06-13";"Gasóleo simples";"1,1727 €"
"2020-06-14";"Gasóleo simples";"1,1734 €"
"2020-06-15";"Gasóleo simples";"1,1837 €"
"2020-06-16";"Gasóleo simples";"1,1876 €"
"2020-06-17";"Gasóleo simples";"1,1878 €"
"2020-06-18";"Gasóleo simples";"1,1879 €"
"2020-06-19";"Gasóleo simples";"1,1874 €"
"2020-06-20";"Gasóleo simples";"1,1839 €"
"2020-06-21";"Gasóleo simples";"1,1844 €"
"2020-06-22";"Gasóleo simples";"1,1951 €"
"2020-06-23";"Gasóleo simples";"1,1996 €"
"2020-06-24";"Gasóleo simples";"1,1997 €"
"2020-06-25";"Gasóleo simples";"1,2003 €"
"2020-06-26";"Gasóleo simples";"1,1997 €"
"2020-06-27";"Gasóleo simples";"1,1964 €"
"2020-06-28";"Gasóleo simples";"1,1969 €"
"2020-06-29";"Gasóleo simples";"1,2040 €"
"2020-06-30";"Gasóleo simples";"1,2064 €"
"2020-07-01";"Gasóleo simples";"1,2068 €"
"2020-07-02";"Gasóleo simples";"1,2068 €"
"2020-07-03";"Gasóleo simples";"1,2062 €"
"2020-07-04";"Gasóleo simples";"1,2028 €"
"2020-07-05";"Gasóleo simples";"1,2031 €"
"2020-07-06";"Gasóleo simples";"1,2092 €"
"2020-07-07";"Gasóleo simples";"1,2113 €"
"2020-07-08";"Gasóleo simples";"1,2307 €"
"2020-07-09";"Gasóleo simples";"1,2308 €"
"2020-07-10";"Gasóleo simples";"1,2302 €"
"2020-07-11";"Gasóleo simples";"1,2270 €"
"2020-07-12";"Gasóleo simples";"1,2275 €"
"2020-07-13";"Gasóleo simples";"1,2354 €"
"2020-07-14";"Gasóleo simples";"1,2383 €"
"2020-07-15";"Gasóleo simples";"1,2384 €"
"2020-07-16";"Gasóleo simples";"1,2384 €"
"2020-07-17";"Gasóleo simples";"1,2379 €"
"2020-07-18";"Gasóleo simples";"1,2344 €"
"2020-07-19";"Gasóleo simples";"1,2348 €"
"2020-07-20";"Gasóleo simples";"1,2375 €"
"2020-07-21";"Gasóleo simples";"1,2363 €"
"2020-07-22";"Gasóleo simples";"1,2362 €"
"2020-07-23";"Gasóleo simples";"1,2363 €"
"2020-07-24";"Gasóleo simples";"1,2357 €"
"2020-07-25";"Gasóleo simples";"1,2324 €"
"2020-07-26";"Gasóleo simples";"1,2329 €"
"2020-07-27";"Gasóleo simples";"1,2380 €"
"2020-07-28";"Gasóleo simples";"1,2390 €"
"2020-07-29";"Gasóleo simples";"1,2390 €"
"2020-07-30";"Gasóleo simples";"1,2390 €"
"2020-07-31";"Gasóleo simples";"1,2384 €"
"2020-08-01";"Gasóleo simples";"1,2348 €"
"2020-08-02";"Gasóleo simples";"1,2350 €"
"2020-08-03";"Gasóleo simples";"1,2362 €"
"2020-08-04";"Gasóleo simples";"1,2360 €"
"2020-08-05";"Gasóleo simples";"1,2360 €"
"2020-08-06";"Gasóleo simples";"1,2359 €"
"2020-08-07";"Gasóleo simples";"1,2359 €"
"2020-08-08";"Gasóleo simples";"1,2358 €"
"2020-08-09";"Gasóleo simples";"1,2358 €"
"2020-08-10";"Gasóleo simples";"1,2358 €"
"2020-08-11";"Gasóleo simples";"1,2360 €"
"2020-08-12";"Gasóleo simples";"1,2366 €"
"2020-08-13";"Gasóleo simples";"1,2366 €"
"2020-08-14";"Gasóleo simples";"1,2360 €"
"2020-08-15";"Gasóleo simples";"1,2326 €"
"2020-08-16";"Gasóleo simples";"1,2330 €"
"2020-08-17";"Gasóleo simples";"1,2364 €"
"2020-08-18";"Gasóleo simples";"1,2361 €"
"2020-08-19";"Gasóleo simples";"1,2360 €"
"2020-08-20";"Gasóleo simples";"1,2371 €"
"2020-08-21";"Gasóleo simples";"1,2364 €"
"2020-08-22";"Gasóleo simples";"1,2331 €"
"2020-08-23";"Gasóleo simples";"1,2335 €"
"2020-08-24";"Gasóleo simples";"1,2411 €"
"2020-08-25";"Gasóleo simples";"1,2411 €"
"2020-08-26";"Gasóleo simples";"1,2409 €"
"2020-08-27";"Gasóleo simples";"1,2409 €"
"2020-08-28";"Gasóleo simples";"1,2402 €"
"2020-08-29";"Gasóleo simples";"1,2369 €"
"2020-08-30";"Gasóleo simples";"1,2373 €"
"2020-08-31";"Gasóleo simples";"1,2400 €"
"2020-09-01";"Gasóleo simples";"1,2386 €"
"2020-09-02";"Gasóleo simples";"1,2380 €"
"2020-09-03";"Gasóleo simples";"1,2379 €"
"2020-09-04";"Gasóleo simples";"1,2369 €"
"2020-09-05";"Gasóleo simples";"1,2335 €"
"2020-09-06";"Gasóleo simples";"1,2347 €"
"2020-09-07";"Gasóleo simples";"1,2325 €"
"2020-09-08";"Gasóleo simples";"1,2284 €"
"2020-09-09";"Gasóleo simples";"1,2282 €"
"2020-09-10";"Gasóleo simples";"1,2280 €"
"2020-09-11";"Gasóleo simples";"1,2272 €"
"2020-09-12";"Gasóleo simples";"1,2238 €"
"2020-09-13";"Gasóleo simples";"1,2234 €"
"2020-09-14";"Gasóleo simples";"1,2199 €"
"2020-09-15";"Gasóleo simples";"1,2129 €"
"2020-09-16";"Gasóleo simples";"1,2119 €"
"2020-09-17";"Gasóleo simples";"1,2116 €"
"2020-09-18";"Gasóleo simples";"1,2099 €"
"2020-09-19";"Gasóleo simples";"1,2064 €"
"2020-09-20";"Gasóleo simples";"1,2067 €"
"2020-09-21";"Gasóleo simples";"1,2110 €"
"2020-09-22";"Gasóleo simples";"1,2100 €"
"2020-09-23";"Gasóleo simples";"1,2100 €"
"2020-09-24";"Gasóleo simples";"1,2100 €"
"2020-09-25";"Gasóleo simples";"1,2091 €"
"2020-09-26";"Gasóleo simples";"1,1947 €"
"2020-09-27";"Gasóleo simples";"1,1950 €"
"2020-09-28";"Gasóleo simples";"1,1984 €"
"2020-09-29";"Gasóleo simples";"1,1985 €"
"2020-09-30";"Gasóleo simples";"1,1983 €"
"2020-10-01";"Gasóleo simples";"1,1983 €"
"2020-10-02";"Gasóleo simples";"1,1977 €"
"2020-10-03";"Gasóleo simples";"1,1943 €"
"2020-10-04";"Gasóleo simples";"1,1946 €"
"2020-10-05";"Gasóleo simples";"1,1983 €"
"2020-10-06";"Gasóleo simples";"1,1988 €"
"2020-10-07";"Gasóleo simples";"1,1987 €"
"2020-10-08";"Gasóleo simples";"1,1987 €"
"2020-10-09";"Gasóleo simples";"1,1981 €"
"2020-10-10";"Gasóleo simples";"1,1947 €"
"2020-10-11";"Gasóleo simples";"1,1956 €"
"2020-10-12";"Gasóleo simples";"1,2033 €"
"2020-10-13";"Gasóleo simples";"1,2067 €"
"2020-10-14";"Gasóleo simples";"1,2066 €"
"2020-10-15";"Gasóleo simples";"1,2068 €"
"2020-10-16";"Gasóleo simples";"1,2058 €"
"2020-10-17";"Gasóleo simples";"1,2026 €"
"2020-10-18";"Gasóleo simples";"1,2029 €"
"2020-10-19";"Gasóleo simples";"1,2074 €"
"2020-10-20";"Gasóleo simples";"1,2083 €"
"2020-10-21";"Gasóleo simples";"1,2083 €"
"2020-10-22";"Gasóleo simples";"1,2083 €"
"2020-10-23";"Gasóleo simples";"1,2076 €"
"2020-10-24";"Gasóleo simples";"1,2042 €"
"2020-10-25";"Gasóleo simples";"1,2046 €"
"2020-10-26";"Gasóleo simples";"1,2074 €"
"2020-10-27";"Gasóleo simples";"1,2065 €"
"2020-10-28";"Gasóleo simples";"1,2063 €"
"2020-10-29";"Gasóleo simples";"1,2064 €"
"2020-10-30";"Gasóleo simples";"1,2057 €"
"2020-10-31";"Gasóleo simples";"1,2022 €"
"2020-11-01";"Gasóleo simples";"1,2025 €"
"2020-11-02";"Gasóleo simples";"1,2012 €"
"2020-11-03";"Gasóleo simples";"1,1974 €"
"2020-11-04";"Gasóleo simples";"1,1971 €"
"2020-11-05";"Gasóleo simples";"1,1964 €"
"2020-11-06";"Gasóleo simples";"1,1957 €"
"2020-11-07";"Gasóleo simples";"1,1922 €"
"2020-11-08";"Gasóleo simples";"1,1928 €"
"2020-11-09";"Gasóleo simples";"1,1970 €"
"2020-11-10";"Gasóleo simples";"1,1982 €"
"2020-11-11";"Gasóleo simples";"1,1980 €"
"2020-11-12";"Gasóleo simples";"1,1979 €"
"2020-11-13";"Gasóleo simples";"1,1969 €"
"2020-11-14";"Gasóleo simples";"1,1937 €"
"2020-11-15";"Gasóleo simples";"1,1953 €"
"2020-11-16";"Gasóleo simples";"1,2106 €"
"2020-11-17";"Gasóleo simples";"1,2156 €"
"2020-11-18";"Gasóleo simples";"1,2158 €"
"2020-11-19";"Gasóleo simples";"1,2159 €"
"2020-11-20";"Gasóleo simples";"1,2154 €"
"2020-11-21";"Gasóleo simples";"1,2120 €"
"2020-11-22";"Gasóleo simples";"1,2123 €"
"2020-11-23";"Gasóleo simples";"1,2171 €"
"2020-11-24";"Gasóleo simples";"1,2197 €"
"2020-11-25";"Gasóleo simples";"1,2204 €"
"2020-11-26";"Gasóleo simples";"1,2205 €"
"2020-11-27";"Gasóleo simples";"1,2197 €"
"2020-11-28";"Gasóleo simples";"1,2163 €"
"2020-11-29";"Gasóleo simples";"1,2176 €"
"2020-11-30";"Gasóleo simples";"1,2313 €"
"2020-12-01";"Gasóleo simples";"1,2345 €"
"2020-12-02";"Gasóleo simples";"1,2373 €"
"2020-12-03";"Gasóleo simples";"1,2381 €"
"2020-12-04";"Gasóleo simples";"1,2375 €"
"2020-12-05";"Gasóleo simples";"1,2341 €"
"2020-12-06";"Gasóleo simples";"1,2344 €"
"2020-12-07";"Gasóleo simples";"1,2389 €"
"2020-12-08";"Gasóleo simples";"1,2391 €"
"2020-12-09";"Gasóleo simples";"1,2392 €"
"2020-12-10";"Gasóleo simples";"1,2504 €"
"2020-12-11";"Gasóleo simples";"1,2497 €"
"2020-12-12";"Gasóleo simples";"1,2463 €"
"2020-12-13";"Gasóleo simples";"1,2471 €"
"2020-12-14";"Gasóleo simples";"1,2542 €"
"2020-12-15";"Gasóleo simples";"1,2582 €"
"2020-12-16";"Gasóleo simples";"1,2585 €"
"2020-12-17";"Gasóleo simples";"1,2585 €"
"2020-12-18";"Gasóleo simples";"1,2581 €"
"2020-12-19";"Gasóleo simples";"1,2542 €"
"2020-12-20";"Gasóleo simples";"1,2549 €"
"2020-12-21";"Gasóleo simples";"1,2617 €"
"2020-12-22";"Gasóleo simples";"1,2647 €"
"2020-12-23";"Gasóleo simples";"1,2647 €"
"2020-12-24";"Gasóleo simples";"1,2647 €"
"2020-12-25";"Gasóleo simples";"1,2641 €"
"2020-12-26";"Gasóleo simples";"1,2607 €"
"2020-12-27";"Gasóleo simples";"1,2611 €"
"2020-12-28";"Gasóleo simples";"1,2654 €"
"2020-12-29";"Gasóleo simples";"1,2655 €"
"2020-12-30";"Gasóleo simples";"1,2654 €"
"2020-12-31";"Gasóleo simples";"1,2654 €"
"2021-01-01";"Gasóleo simples";"1,2446 €"
"2021-01-02";"Gasóleo simples";"1,2410 €"
"2021-01-03";"Gasóleo simples";"1,2416 €"
"2021-01-04";"Gasóleo simples";"1,2500 €"
"2021-01-05";"Gasóleo simples";"1,2547 €"
"2021-01-06";"Gasóleo simples";"1,2552 €"
"2021-01-07";"Gasóleo simples";"1,2570 €"
"2021-01-08";"Gasóleo simples";"1,2565 €"
"2021-01-09";"Gasóleo simples";"1,2526 €"
"2021-01-10";"Gasóleo simples";"1,2531 €"
"2021-01-11";"Gasóleo simples";"1,2605 €"
"2021-01-12";"Gasóleo simples";"1,2625 €"
"2021-01-13";"Gasóleo simples";"1,2626 €"
"2021-01-14";"Gasóleo simples";"1,2627 €"
"2021-01-15";"Gasóleo simples";"1,2620 €"
"2021-01-16";"Gasóleo simples";"1,2581 €"
"2021-01-17";"Gasóleo simples";"1,2600 €"
"2021-01-18";"Gasóleo simples";"1,2770 €"
"2021-01-19";"Gasóleo simples";"1,2817 €"
"2021-01-20";"Gasóleo simples";"1,2826 €"
"2021-01-21";"Gasóleo simples";"1,2827 €"
"2021-01-22";"Gasóleo simples";"1,2819 €"
"2021-01-23";"Gasóleo simples";"1,2780 €"
"2021-01-24";"Gasóleo simples";"1,2791 €"
"2021-01-25";"Gasóleo simples";"1,2838 €"
"2021-01-26";"Gasóleo simples";"1,2843 €"
"2021-01-27";"Gasóleo simples";"1,2849 €"
"2021-01-28";"Gasóleo simples";"1,2852 €"
"2021-01-29";"Gasóleo simples";"1,2844 €"
"2021-01-30";"Gasóleo simples";"1,2808 €"
"2021-01-31";"Gasóleo simples";"1,2812 €"
"2021-02-01";"Gasóleo simples";"1,2908 €"
"2021-02-02";"Gasóleo simples";"1,2921 €"
"2021-02-03";"Gasóleo simples";"1,2927 €"
"2021-02-04";"Gasóleo simples";"1,2932 €"
"2021-02-05";"Gasóleo simples";"1,2926 €"
"2021-02-06";"Gasóleo simples";"1,2888 €"
"2021-02-07";"Gasóleo simples";"1,2894 €"
"2021-02-08";"Gasóleo simples";"1,3042 €"
"2021-02-09";"Gasóleo simples";"1,3119 €"
"2021-02-10";"Gasóleo simples";"1,3124 €"
"2021-02-11";"Gasóleo simples";"1,3126 €"
"2021-02-12";"Gasóleo simples";"1,3120 €"
"2021-02-13";"Gasóleo simples";"1,3081 €"
"2021-02-14";"Gasóleo simples";"1,3100 €"
"2021-02-15";"Gasóleo simples";"1,3231 €"
"2021-02-16";"Gasóleo simples";"1,3298 €"
"2021-02-17";"Gasóleo simples";"1,3302 €"
"2021-02-18";"Gasóleo simples";"1,3307 €"
"2021-02-19";"Gasóleo simples";"1,3301 €"
"2021-02-20";"Gasóleo simples";"1,3263 €"
"2021-02-21";"Gasóleo simples";"1,3278 €"
"2021-02-22";"Gasóleo simples";"1,3439 €"
"2021-02-23";"Gasóleo simples";"1,3477 €"
"2021-02-24";"Gasóleo simples";"1,3481 €"
"2021-02-25";"Gasóleo simples";"1,3485 €"
"2021-02-26";"Gasóleo simples";"1,3478 €"
"2021-02-27";"Gasóleo simples";"1,3439 €"
"2021-02-28";"Gasóleo simples";"1,3444 €"
"2021-03-01";"Gasóleo simples";"1,3548 €"
"2021-03-02";"Gasóleo simples";"1,3579 €"
"2021-03-03";"Gasóleo simples";"1,3595 €"
"2021-03-04";"Gasóleo simples";"1,3596 €"
"2021-03-05";"Gasóleo simples";"1,3589 €"
"2021-03-06";"Gasóleo simples";"1,3552 €"
"2021-03-07";"Gasóleo simples";"1,3556 €"
"2021-03-08";"Gasóleo simples";"1,3599 €"
"2021-03-09";"Gasóleo simples";"1,3603 €"
"2021-03-10";"Gasóleo simples";"1,3606 €"
"2021-03-11";"Gasóleo simples";"1,3608 €"
"2021-03-12";"Gasóleo simples";"1,3601 €"
"2021-03-13";"Gasóleo simples";"1,3563 €"
"2021-03-14";"Gasóleo simples";"1,3577 €"
"2021-03-15";"Gasóleo simples";"1,3680 €"
"2021-03-16";"Gasóleo simples";"1,3737 €"
"2021-03-17";"Gasóleo simples";"1,3737 €"
"2021-03-18";"Gasóleo simples";"1,3739 €"
"2021-03-19";"Gasóleo simples";"1,3736 €"
"2021-03-20";"Gasóleo simples";"1,3699 €"
"2021-03-21";"Gasóleo simples";"1,3703 €"
"2021-03-22";"Gasóleo simples";"1,3693 €"
"2021-03-23";"Gasóleo simples";"1,3654 €"
"2021-03-24";"Gasóleo simples";"1,3640 €"
"2021-03-25";"Gasóleo simples";"1,3640 €"
"2021-03-26";"Gasóleo simples";"1,3631 €"
"2021-03-27";"Gasóleo simples";"1,3591 €"
"2021-03-28";"Gasóleo simples";"1,3595 €"
"2021-03-29";"Gasóleo simples";"1,3575 €"
"2021-03-30";"Gasóleo simples";"1,3518 €"
"2021-03-31";"Gasóleo simples";"1,3498 €"
"2021-04-01";"Gasóleo simples";"1,3498 €"
"2021-04-02";"Gasóleo simples";"1,3490 €"
"2021-04-03";"Gasóleo simples";"1,3452 €"
"2021-04-04";"Gasóleo simples";"1,3461 €"
"2021-04-05";"Gasóleo simples";"1,3530 €"
"2021-04-06";"Gasóleo simples";"1,3571 €"
"2021-04-07";"Gasóleo simples";"1,3580 €"
"2021-04-08";"Gasóleo simples";"1,3581 €"
"2021-04-09";"Gasóleo simples";"1,3572 €"
"2021-04-10";"Gasóleo simples";"1,3535 €"
"2021-04-11";"Gasóleo simples";"1,3538 €"
"2021-04-12";"Gasóleo simples";"1,3569 €"
"2021-04-13";"Gasóleo simples";"1,3557 €"
"2021-04-14";"Gasóleo simples";"1,3554 €"
"2021-04-15";"Gasóleo simples";"1,3553 €"
"2021-04-16";"Gasóleo simples";"1,3545 €"
"2021-04-17";"Gasóleo simples";"1,3506 €"
"2021-04-18";"Gasóleo simples";"1,3511 €"
"2021-04-19";"Gasóleo simples";"1,3613 €"
"2021-04-20";"Gasóleo simples";"1,3667 €"
"2021-04-21";"Gasóleo simples";"1,3669 €"
"2021-04-22";"Gasóleo simples";"1,3670 €"
"2021-04-23";"Gasóleo simples";"1,3664 €"
"2021-04-24";"Gasóleo simples";"1,3624 €"
"2021-04-25";"Gasóleo simples";"1,3629 €"
"2021-04-26";"Gasóleo simples";"1,3670 €"
"2021-04-27";"Gasóleo simples";"1,3670 €"
"2021-04-28";"Gasóleo simples";"1,3675 €"
"2021-04-29";"Gasóleo simples";"1,3676 €"
"2021-04-30";"Gasóleo simples";"1,3668 €"
"2021-05-01";"Gasóleo simples";"1,3629 €"
"2021-05-02";"Gasóleo simples";"1,3638 €"
"2021-05-03";"Gasóleo simples";"1,3725 €"
"2021-05-04";"Gasóleo simples";"1,3770 €"
"2021-05-05";"Gasóleo simples";"1,3771 €"
"2021-05-06";"Gasóleo simples";"1,3773 €"
"2021-05-07";"Gasóleo simples";"1,3766 €"
"2021-05-08";"Gasóleo simples";"1,3724 €"
"2021-05-09";"Gasóleo simples";"1,3739 €"
"2021-05-10";"Gasóleo simples";"1,3902 €"
"2021-05-11";"Gasóleo simples";"1,3948 €"
"2021-05-12";"Gasóleo simples";"1,3951 €"
"2021-05-13";"Gasóleo simples";"1,3953 €"
"2021-05-14";"Gasóleo simples";"1,3945 €"
"2021-05-15";"Gasóleo simples";"1,3906 €"
"2021-05-16";"Gasóleo simples";"1,3911 €"
"2021-05-17";"Gasóleo simples";"1,3955 €"
"2021-05-18";"Gasóleo simples";"1,3964 €"
"2021-05-19";"Gasóleo simples";"1,3962 €"
"2021-05-20";"Gasóleo simples";"1,3963 €"
"2021-05-21";"Gasóleo simples";"1,3958 €"
"2021-05-22";"Gasóleo simples";"1,3919 €"
"2021-05-23";"Gasóleo simples";"1,3923 €"
"2021-05-24";"Gasóleo simples";"1,3943 €"
"2021-05-25";"Gasóleo simples";"1,3907 €"
"2021-05-26";"Gasóleo simples";"1,3903 €"
"2021-05-27";"Gasóleo simples";"1,3903 €"
"2021-05-28";"Gasóleo simples";"1,3895 €"
"2021-05-29";"Gasóleo simples";"1,3857 €"
"2021-05-30";"Gasóleo simples";"1,3862 €"
"2021-05-31";"Gasóleo simples";"1,3954 €"
"2021-06-01";"Gasóleo simples";"1,4021 €"
"2021-06-02";"Gasóleo simples";"1,4023 €"
"2021-06-03";"Gasóleo simples";"1,4032 €"
"2021-06-04";"Gasóleo simples";"1,4025 €"
"2021-06-05";"Gasóleo simples";"1,3987 €"
"2021-06-06";"Gasóleo simples";"1,3997 €"
"2021-06-07";"Gasóleo simples";"1,4100 €"
"2021-06-08";"Gasóleo simples";"1,4155 €"
"2021-06-09";"Gasóleo simples";"1,4159 €"
"2021-06-10";"Gasóleo simples";"1,4160 €"
"2021-06-11";"Gasóleo simples";"1,4156 €"
"2021-06-12";"Gasóleo simples";"1,4117 €"
"2021-06-13";"Gasóleo simples";"1,4121 €"
"2021-06-14";"Gasóleo simples";"1,4202 €"
"2021-06-15";"Gasóleo simples";"1,4227 €"
"2021-06-16";"Gasóleo simples";"1,4226 €"
"2021-06-17";"Gasóleo simples";"1,4236 €"
"2021-06-18";"Gasóleo simples";"1,4229 €"
"2021-06-19";"Gasóleo simples";"1,4186 €"
"2021-06-20";"Gasóleo simples";"1,4199 €"
"2021-06-21";"Gasóleo simples";"1,4299 €"
"2021-06-22";"Gasóleo simples";"1,4383 €"
"2021-06-23";"Gasóleo simples";"1,4380 €"
"2021-06-24";"Gasóleo simples";"1,4390 €"
"2021-06-25";"Gasóleo simples";"1,4386 €"
"2021-06-26";"Gasóleo simples";"1,4348 €"
"2021-06-27";"Gasóleo simples";"1,4351 €"
"2021-06-28";"Gasóleo simples";"1,4477 €"
"2021-06-29";"Gasóleo simples";"1,4513 €"
"2021-06-30";"Gasóleo simples";"1,4515 €"
"2021-07-01";"Gasóleo simples";"1,4516 €"
"2021-07-02";"Gasóleo simples";"1,4510 €"
"2021-07-03";"Gasóleo simples";"1,4471 €"
"2021-07-04";"Gasóleo simples";"1,4475 €"
"2021-07-05";"Gasóleo simples";"1,4532 €"
"2021-07-06";"Gasóleo simples";"1,4553 €"
"2021-07-07";"Gasóleo simples";"1,4558 €"
"2021-07-08";"Gasóleo simples";"1,4558 €"
"2021-07-09";"Gasóleo simples";"1,4552 €"
"2021-07-10";"Gasóleo simples";"1,4513 €"
"2021-07-11";"Gasóleo simples";"1,4516 €"
"2021-07-12";"Gasóleo simples";"1,4554 €"
"2021-07-13";"Gasóleo simples";"1,4551 €"
"2021-07-14";"Gasóleo simples";"1,4549 €"
"2021-07-15";"Gasóleo simples";"1,4551 €"
"2021-07-16";"Gasóleo simples";"1,4544 €"
"2021-07-17";"Gasóleo simples";"1,4506 €"
"2021-07-18";"Gasóleo simples";"1,4515 €"
"2021-07-19";"Gasóleo simples";"1,4592 €"
"2021-07-20";"Gasóleo simples";"1,4606 €"
"2021-07-21";"Gasóleo simples";"1,4609 €"
"2021-07-22";"Gasóleo simples";"1,4610 €"
"2021-07-23";"Gasóleo simples";"1,4603 €"
"2021-07-24";"Gasóleo simples";"1,4565 €"
"2021-07-25";"Gasóleo simples";"1,4559 €"
"2021-07-26";"Gasóleo simples";"1,4499 €"
"2021-07-27";"Gasóleo simples";"1,4452 €"
"2021-07-28";"Gasóleo simples";"1,4428 €"
"2021-07-29";"Gasóleo simples";"1,4428 €"
"2021-07-30";"Gasóleo simples";"1,4421 €"
"2021-07-31";"Gasóleo simples";"1,4382 €"
"2021-08-01";"Gasóleo simples";"1,4397 €"
"2021-08-02";"Gasóleo simples";"1,4517 €"
"2021-08-03";"Gasóleo simples";"1,4544 €"
"2021-08-04";"Gasóleo simples";"1,4549 €"
"2021-08-05";"Gasóleo simples";"1,4550 €"
"2021-08-06";"Gasóleo simples";"1,4543 €"
"2021-08-07";"Gasóleo simples";"1,4505 €"
"2021-08-08";"Gasóleo simples";"1,4503 €"
"2021-08-09";"Gasóleo simples";"1,4493 €"
"2021-08-10";"Gasóleo simples";"1,4443 €"
"2021-08-11";"Gasóleo simples";"1,4439 €"
"2021-08-12";"Gasóleo simples";"1,4438 €"
"2021-08-13";"Gasóleo simples";"1,4428 €"
"2021-08-14";"Gasóleo simples";"1,4388 €"
"2021-08-15";"Gasóleo simples";"1,4391 €"
"2021-08-16";"Gasóleo simples";"1,4422 €"
"2021-08-17";"Gasóleo simples";"1,4401 €"
"2021-08-18";"Gasóleo simples";"1,4397 €"
"2021-08-19";"Gasóleo simples";"1,4397 €"
"2021-08-20";"Gasóleo simples";"1,4390 €"
"2021-08-21";"Gasóleo simples";"1,4351 €"
"2021-08-22";"Gasóleo simples";"1,4353 €"
"2021-08-23";"Gasóleo simples";"1,4328 €"
"2021-08-24";"Gasóleo simples";"1,4293 €"
"2021-08-25";"Gasóleo simples";"1,4287 €"
"2021-08-26";"Gasóleo simples";"1,4287 €"
"2021-08-27";"Gasóleo simples";"1,4279 €"
"2021-08-28";"Gasóleo simples";"1,4239 €"
"2021-08-29";"Gasóleo simples";"1,4254 €"
"2021-08-30";"Gasóleo simples";"1,4415 €"
"2021-08-31";"Gasóleo simples";"1,4451 €"
"2021-09-01";"Gasóleo simples";"1,4452 €"
"2021-09-02";"Gasóleo simples";"1,4454 €"
"2021-09-03";"Gasóleo simples";"1,4447 €"
"2021-09-04";"Gasóleo simples";"1,4407 €"
"2021-09-05";"Gasóleo simples";"1,4416 €"
"2021-09-06";"Gasóleo simples";"1,4542 €"
"2021-09-07";"Gasóleo simples";"1,4582 €"
"2021-09-08";"Gasóleo simples";"1,4584 €"
"2021-09-09";"Gasóleo simples";"1,4586 €"
"2021-09-10";"Gasóleo simples";"1,4580 €"
"2021-09-11";"Gasóleo simples";"1,4541 €"
"2021-09-12";"Gasóleo simples";"1,4544 €"
"2021-09-13";"Gasóleo simples";"1,4575 €"
"2021-09-14";"Gasóleo simples";"1,4573 €"
"2021-09-15";"Gasóleo simples";"1,4571 €"
"2021-09-16";"Gasóleo simples";"1,4571 €"
"2021-09-17";"Gasóleo simples";"1,4564 €"
"2021-09-18";"Gasóleo simples";"1,4526 €"
"2021-09-19";"Gasóleo simples";"1,4540 €"
"2021-09-20";"Gasóleo simples";"1,4674 €"
"2021-09-21";"Gasóleo simples";"1,4695 €"
"2021-09-22";"Gasóleo simples";"1,4712 €"
"2021-09-23";"Gasóleo simples";"1,4714 €"
"2021-09-24";"Gasóleo simples";"1,4710 €"
"2021-09-25";"Gasóleo simples";"1,4673 €"
"2021-09-26";"Gasóleo simples";"1,4677 €"
"2021-09-27";"Gasóleo simples";"1,4797 €"
"2021-09-28";"Gasóleo simples";"1,4840 €"
"2021-09-29";"Gasóleo simples";"1,4826 €"
"2021-09-30";"Gasóleo simples";"1,4829 €"
"2021-10-01";"Gasóleo simples";"1,4832 €"
"2021-10-02";"Gasóleo simples";"1,4815 €"
"2021-10-03";"Gasóleo simples";"1,4830 €"
"2021-10-04";"Gasóleo simples";"1,5023 €"
"2021-10-05";"Gasóleo simples";"1,5038 €"
"2021-10-06";"Gasóleo simples";"1,5049 €"
"2021-10-07";"Gasóleo simples";"1,5064 €"
"2021-10-08";"Gasóleo simples";"1,5060 €"
"2021-10-09";"Gasóleo simples";"1,5020 €"
"2021-10-10";"Gasóleo simples";"1,5043 €"
"2021-10-11";"Gasóleo simples";"1,5134 €"
"2021-10-12";"Gasóleo simples";"1,5182 €"
"2021-10-13";"Gasóleo simples";"1,5301 €"
"2021-10-14";"Gasóleo simples";"1,5303 €"
"2021-10-15";"Gasóleo simples";"1,5293 €"
"2021-10-16";"Gasóleo simples";"1,5225 €"
"2021-10-17";"Gasóleo simples";"1,5233 €"
"2021-10-18";"Gasóleo simples";"1,5357 €"
"2021-10-19";"Gasóleo simples";"1,5375 €"
"2021-10-20";"Gasóleo simples";"1,5376 €"
"2021-10-21";"Gasóleo simples";"1,5375 €"
"2021-10-22";"Gasóleo simples";"1,5367 €"
"2021-10-23";"Gasóleo simples";"1,5342 €"
"2021-10-24";"Gasóleo simples";"1,5350 €"
"2021-10-25";"Gasóleo simples";"1,5381 €"
"2021-10-26";"Gasóleo simples";"1,5383 €"
"2021-10-27";"Gasóleo simples";"1,5384 €"
"2021-10-28";"Gasóleo simples";"1,5383 €"
"2021-10-29";"Gasóleo simples";"1,5374 €"
"2021-10-30";"Gasóleo simples";"1,5348 €"
"2021-10-31";"Gasóleo simples";"1,5360 €"
"2021-11-01";"Gasóleo simples";"1,5421 €"
"2021-11-02";"Gasóleo simples";"1,5471 €"
"2021-11-03";"Gasóleo simples";"1,5479 €"
"2021-11-04";"Gasóleo simples";"1,5479 €"
"2021-11-05";"Gasóleo simples";"1,5470 €"
"2021-11-06";"Gasóleo simples";"1,5445 €"
"2021-11-07";"Gasóleo simples";"1,5452 €"
"2021-11-08";"Gasóleo simples";"1,5401 €"
"2021-11-09";"Gasóleo simples";"1,5381 €"
"2021-11-10";"Gasóleo simples";"1,5377 €"
"2021-11-11";"Gasóleo simples";"1,5374 €"
"2021-11-12";"Gasóleo simples";"1,5365 €"
"2021-11-13";"Gasóleo simples";"1,5340 €"
"2021-11-14";"Gasóleo simples";"1,5350 €"
"2021-11-15";"Gasóleo simples";"1,5407 €"
"2021-11-16";"Gasóleo simples";"1,5413 €"
"2021-11-17";"Gasóleo simples";"1,5415 €"
"2021-11-18";"Gasóleo simples";"1,5414 €"
"2021-11-19";"Gasóleo simples";"1,5408 €"
"2021-11-20";"Gasóleo simples";"1,5384 €"
"2021-11-21";"Gasóleo simples";"1,5384 €"
"2021-11-22";"Gasóleo simples";"1,5320 €"
"2021-11-23";"Gasóleo simples";"1,5301 €"
"2021-11-24";"Gasóleo simples";"1,5278 €"
"2021-11-25";"Gasóleo simples";"1,5273 €"
"2021-11-26";"Gasóleo simples";"1,5264 €"
"2021-11-27";"Gasóleo simples";"1,5242 €"
"2021-11-28";"Gasóleo simples";"1,5250 €"
"2021-11-29";"Gasóleo simples";"1,5266 €"
"2021-11-30";"Gasóleo simples";"1,5267 €"
"2021-12-01";"Gasóleo simples";"1,5278 €"
"2021-12-02";"Gasóleo simples";"1,5276 €"
"2021-12-03";"Gasóleo simples";"1,5268 €"
"2021-12-04";"Gasóleo simples";"1,5245 €"
"2021-12-05";"Gasóleo simples";"1,5231 €"
"2021-12-06";"Gasóleo simples";"1,4978 €"
"2021-12-07";"Gasóleo simples";"1,4822 €"
"2021-12-08";"Gasóleo simples";"1,4809 €"
"2021-12-09";"Gasóleo simples";"1,4804 €"
"2021-12-10";"Gasóleo simples";"1,4800 €"
"2021-12-11";"Gasóleo simples";"1,4791 €"
"2021-12-12";"Gasóleo simples";"1,4812 €"
"2021-12-13";"Gasóleo simples";"1,4992 €"
"2021-12-14";"Gasóleo simples";"1,5026 €"
"2021-12-15";"Gasóleo simples";"1,5028 €"
"2021-12-16";"Gasóleo simples";"1,5029 €"
"2021-12-17";"Gasóleo simples";"1,5029 €"
"2021-12-18";"Gasóleo simples";"1,5023 €"
"2021-12-19";"Gasóleo simples";"1,5024 €"
"2021-12-20";"Gasóleo simples";"1,5027 €"
"2021-12-21";"Gasóleo simples";"1,5034 €"
"2021-12-22";"Gasóleo simples";"1,5034 €"
"2021-12-23";"Gasóleo simples";"1,5035 €"
"2021-12-24";"Gasóleo simples";"1,5031 €"
"2021-12-25";"Gasóleo simples";"1,5009 €"
"2021-12-26";"Gasóleo simples";"1,5009 €"
"2021-12-27";"Gasóleo simples";"1,5006 €"
"2021-12-28";"Gasóleo simples";"1,4977 €"
"2021-12-29";"Gasóleo simples";"1,4979 €"
"2021-12-30";"Gasóleo simples";"1,4972 €"
"2021-12-31";"Gasóleo simples";"1,4965 €"
"2022-01-01";"Gasóleo simples";"1,4942 €"
"2022-01-02";"Gasóleo simples";"1,4955 €"
"2022-01-03";"Gasóleo simples";"1,5131 €"
"2022-01-04";"Gasóleo simples";"1,5180 €"
"2022-01-05";"Gasóleo simples";"1,5221 €"
"2022-01-06";"Gasóleo simples";"1,5222 €"
"2022-01-07";"Gasóleo simples";"1,5211 €"
"2022-01-08";"Gasóleo simples";"1,5185 €"
"2022-01-09";"Gasóleo simples";"1,5210 €"
"2022-01-10";"Gasóleo simples";"1,5409 €"
"2022-01-11";"Gasóleo simples";"1,5428 €"
"2022-01-12";"Gasóleo simples";"1,5410 €"
"2022-01-13";"Gasóleo simples";"1,5399 €"
"2022-01-14";"Gasóleo simples";"1,5383 €"
"2022-01-15";"Gasóleo simples";"1,5351 €"
"2022-01-16";"Gasóleo simples";"1,5376 €"
"2022-01-17";"Gasóleo simples";"1,5514 €"
"2022-01-18";"Gasóleo simples";"1,5703 €"
"2022-01-19";"Gasóleo simples";"1,5707 €"
"2022-01-20";"Gasóleo simples";"1,5709 €"
"2022-01-21";"Gasóleo simples";"1,5702 €"
"2022-01-22";"Gasóleo simples";"1,5660 €"
"2022-01-23";"Gasóleo simples";"1,5681 €"
"2022-01-24";"Gasóleo simples";"1,5911 €"
"2022-01-25";"Gasóleo simples";"1,5993 €"
"2022-01-26";"Gasóleo simples";"1,6008 €"
"2022-01-27";"Gasóleo simples";"1,6011 €"
"2022-01-28";"Gasóleo simples";"1,6005 €"
"2022-01-29";"Gasóleo simples";"1,5963 €"
"2022-01-30";"Gasóleo simples";"1,5968 €"
"2022-01-31";"Gasóleo simples";"1,6122 €"
"2022-02-01";"Gasóleo simples";"1,6188 €"
"2022-02-02";"Gasóleo simples";"1,6189 €"
"2022-02-03";"Gasóleo simples";"1,6192 €"
"2022-02-04";"Gasóleo simples";"1,6184 €"
"2022-02-05";"Gasóleo simples";"1,6142 €"
"2022-02-06";"Gasóleo simples";"1,6157 €"
"2022-02-07";"Gasóleo simples";"1,6378 €"
"2022-02-08";"Gasóleo simples";"1,6432 €"
"2022-02-09";"Gasóleo simples";"1,6435 €"
"2022-02-10";"Gasóleo simples";"1,6438 €"
"2022-02-11";"Gasóleo simples";"1,6430 €"
"2022-02-12";"Gasóleo simples";"1,6389 €"
"2022-02-13";"Gasóleo simples";"1,6394 €"
"2022-02-14";"Gasóleo simples";"1,6479 €"
"2022-02-15";"Gasóleo simples";"1,6500 €"
"2022-02-16";"Gasóleo simples";"1,6500 €"
"2022-02-17";"Gasóleo simples";"1,6504 €"
"2022-02-18";"Gasóleo simples";"1,6495 €"
"2022-02-19";"Gasóleo simples";"1,6454 €"
"2022-02-20";"Gasóleo simples";"1,6464 €"
"2022-02-21";"Gasóleo simples";"1,6563 €"
"2022-02-22";"Gasóleo simples";"1,6596 €"
"2022-02-23";"Gasóleo simples";"1,6597 €"
"2022-02-24";"Gasóleo simples";"1,6599 €"
"2022-02-25";"Gasóleo simples";"1,6592 €"
"2022-02-26";"Gasóleo simples";"1,6549 €"
"2022-02-27";"Gasóleo simples";"1,6565 €"
"2022-02-28";"Gasóleo simples";"1,6746 €"
"2022-03-01";"Gasóleo simples";"1,6761 €"
"2022-03-02";"Gasóleo simples";"1,6780 €"
"2022-03-03";"Gasóleo simples";"1,6784 €"
"2022-03-04";"Gasóleo simples";"1,6781 €"
"2022-03-05";"Gasóleo simples";"1,6742 €"
"2022-03-06";"Gasóleo simples";"1,6823 €"
"2022-03-07";"Gasóleo simples";"1,8120 €"
"2022-03-08";"Gasóleo simples";"1,8320 €"
"2022-03-09";"Gasóleo simples";"1,8361 €"
"2022-03-10";"Gasóleo simples";"1,8371 €"
"2022-03-11";"Gasóleo simples";"1,8369 €"
"2022-03-12";"Gasóleo simples";"1,8331 €"
"2022-03-13";"Gasóleo simples";"1,8458 €"
"2022-03-14";"Gasóleo simples";"1,9788 €"
"2022-03-15";"Gasóleo simples";"1,9912 €"
"2022-03-16";"Gasóleo simples";"1,9915 €"
"2022-03-17";"Gasóleo simples";"1,9915 €"
"2022-03-18";"Gasóleo simples";"1,9912 €"
"2022-03-19";"Gasóleo simples";"1,9870 €"
"2022-03-20";"Gasóleo simples";"1,9761 €"
"2022-03-21";"Gasóleo simples";"1,8466 €"
"2022-03-22";"Gasóleo simples";"1,8396 €"
"2022-03-23";"Gasóleo simples";"1,8386 €"
"2022-03-24";"Gasóleo simples";"1,8387 €"
"2022-03-25";"Gasóleo simples";"1,8380 €"
"2022-03-26";"Gasóleo simples";"1,8339 €"
"2022-03-27";"Gasóleo simples";"1,8451 €"
"2022-03-28";"Gasóleo simples";"1,9952 €"
"2022-03-29";"Gasóleo simples";"2,0079 €"
"2022-03-30";"Gasóleo simples";"2,0097 €"
"2022-03-31";"Gasóleo simples";"2,0104 €"
"2022-04-01";"Gasóleo simples";"2,0098 €"
"2022-04-02";"Gasóleo simples";"2,0060 €"
"2022-04-03";"Gasóleo simples";"2,0012 €"
"2022-04-04";"Gasóleo simples";"1,9266 €"
"2022-04-05";"Gasóleo simples";"1,9110 €"
"2022-04-06";"Gasóleo simples";"1,9102 €"
"2022-04-07";"Gasóleo simples";"1,9097 €"
"2022-04-08";"Gasóleo simples";"1,9087 €"
"2022-04-09";"Gasóleo simples";"1,9044 €"
"2022-04-10";"Gasóleo simples";"1,9022 €"
"2022-04-11";"Gasóleo simples";"1,8638 €"
"2022-04-12";"Gasóleo simples";"1,8588 €"
"2022-04-13";"Gasóleo simples";"1,8583 €"
"2022-04-14";"Gasóleo simples";"1,8578 €"
"2022-04-15";"Gasóleo simples";"1,8568 €"
"2022-04-16";"Gasóleo simples";"1,8528 €"
"2022-04-17";"Gasóleo simples";"1,8533 €"
"2022-04-18";"Gasóleo simples";"1,8805 €"
"2022-04-19";"Gasóleo simples";"1,8858 €"
"2022-04-20";"Gasóleo simples";"1,8873 €"
"2022-04-21";"Gasóleo simples";"1,8876 €"
"2022-04-22";"Gasóleo simples";"1,8868 €"
"2022-04-23";"Gasóleo simples";"1,8827 €"
"2022-04-24";"Gasóleo simples";"1,8861 €"
"2022-04-25";"Gasóleo simples";"1,9257 €"
"2022-04-26";"Gasóleo simples";"1,9386 €"
"2022-04-27";"Gasóleo simples";"1,9402 €"
"2022-04-28";"Gasóleo simples";"1,9405 €"
"2022-04-29";"Gasóleo simples";"1,9398 €"
"2022-04-30";"Gasóleo simples";"1,9357 €"
"2022-05-01";"Gasóleo simples";"1,9270 €"
"2022-05-02";"Gasóleo simples";"1,8399 €"
"2022-05-03";"Gasóleo simples";"1,8346 €"
"2022-05-04";"Gasóleo simples";"1,8361 €"
"2022-05-05";"Gasóleo simples";"1,8362 €"
"2022-05-06";"Gasóleo simples";"1,8355 €"
"2022-05-07";"Gasóleo simples";"1,8306 €"
"2022-05-08";"Gasóleo simples";"1,8332 €"
"2022-05-09";"Gasóleo simples";"1,8399 €"
"2022-05-10";"Gasóleo simples";"1,8411 €"
"2022-05-11";"Gasóleo simples";"1,8409 €"
"2022-05-12";"Gasóleo simples";"1,8412 €"
"2022-05-13";"Gasóleo simples";"1,8404 €"
"2022-05-14";"Gasóleo simples";"1,8360 €"
"2022-05-15";"Gasóleo simples";"1,8335 €"
"2022-05-16";"Gasóleo simples";"1,7966 €"
"2022-05-17";"Gasóleo simples";"1,7902 €"
"2022-05-18";"Gasóleo simples";"1,7892 €"
"2022-05-19";"Gasóleo simples";"1,7884 €"
"2022-05-20";"Gasóleo simples";"1,7881 €"
"2022-05-21";"Gasóleo simples";"1,7838 €"
"2022-05-22";"Gasóleo simples";"1,7829 €"
"2022-05-23";"Gasóleo simples";"1,7653 €"
"2022-05-24";"Gasóleo simples";"1,7598 €"
"2022-05-25";"Gasóleo simples";"1,7591 €"
"2022-05-26";"Gasóleo simples";"1,7587 €"
"2022-05-27";"Gasóleo simples";"1,7579 €"
"2022-05-28";"Gasóleo simples";"1,7531 €"
"2022-05-29";"Gasóleo simples";"1,7551 €"
"2022-05-30";"Gasóleo simples";"1,7890 €"
"2022-05-31";"Gasóleo simples";"1,7951 €"